Recall,Precision_awning-tricycle,Precision_bicycle,Precision_bus,Precision_car,Precision_freight_car,Precision_motor,Precision_person,Precision_tricycle,Precision_truck,Precision_van
0.00000,1.00000,1.00000,1.00000,1.00000,0.87273,1.00000,1.00000,1.00000,1.00000,1.00000
0.00100,1.00000,1.00000,1.00000,1.00000,0.87273,0.93258,0.94513,1.00000,1.00000,1.00000
0.00200,0.65000,1.00000,1.00000,1.00000,0.87273,0.93258,0.94513,1.00000,1.00000,1.00000
0.00300,0.65000,1.00000,1.00000,1.00000,0.87273,0.93258,0.94513,1.00000,1.00000,1.00000
0.00400,0.65000,0.90000,1.00000,1.00000,0.87273,0.93258,0.94513,1.00000,1.00000,1.00000
0.00501,0.65000,0.90000,1.00000,1.00000,0.87273,0.93258,0.94513,1.00000,1.00000,1.00000
0.00601,0.65000,0.90000,1.00000,1.00000,0.87273,0.93258,0.94513,0.90000,1.00000,1.00000
0.00701,0.65000,0.89474,1.00000,1.00000,0.87273,0.93258,0.94513,0.90000,1.00000,1.00000
0.00801,0.65000,0.89474,1.00000,1.00000,0.87273,0.93258,0.94513,0.90000,1.00000,1.00000
0.00901,0.65000,0.89474,1.00000,1.00000,0.87273,0.93258,0.94513,0.84615,1.00000,1.00000
0.01001,0.65000,0.89474,1.00000,1.00000,0.87273,0.93258,0.94513,0.84615,1.00000,1.00000
0.01101,0.65000,0.89474,1.00000,1.00000,0.87273,0.93258,0.94513,0.83333,1.00000,1.00000
0.01201,0.65000,0.89474,1.00000,1.00000,0.87273,0.93258,0.94513,0.83333,1.00000,1.00000
0.01301,0.65000,0.89474,1.00000,1.00000,0.87273,0.93258,0.94513,0.83333,1.00000,1.00000
0.01401,0.65000,0.86957,1.00000,1.00000,0.87273,0.93258,0.94513,0.83333,1.00000,1.00000
0.01502,0.65000,0.86957,1.00000,1.00000,0.87273,0.93258,0.94513,0.83333,1.00000,1.00000
0.01602,0.65000,0.84000,1.00000,1.00000,0.87273,0.93258,0.94513,0.83333,1.00000,1.00000
0.01702,0.65000,0.83333,1.00000,1.00000,0.87273,0.93000,0.94513,0.83333,1.00000,1.00000
0.01802,0.65000,0.83333,1.00000,1.00000,0.87273,0.93000,0.94513,0.83333,1.00000,1.00000
0.01902,0.65000,0.83333,1.00000,1.00000,0.87273,0.93000,0.94513,0.83333,1.00000,1.00000
0.02002,0.65000,0.83333,1.00000,1.00000,0.87273,0.92913,0.94513,0.83333,1.00000,1.00000
0.02102,0.65000,0.83333,1.00000,1.00000,0.87273,0.92913,0.94513,0.83333,1.00000,1.00000
0.02202,0.65000,0.83333,1.00000,1.00000,0.87273,0.92913,0.94513,0.83333,1.00000,1.00000
0.02302,0.65000,0.83333,1.00000,1.00000,0.87273,0.92913,0.94513,0.83333,1.00000,1.00000
0.02402,0.65000,0.83333,1.00000,1.00000,0.87273,0.92913,0.94513,0.81818,1.00000,1.00000
0.02503,0.65000,0.83333,1.00000,1.00000,0.87273,0.92806,0.94513,0.81818,1.00000,1.00000
0.02603,0.65000,0.83333,1.00000,1.00000,0.87273,0.92806,0.94513,0.81818,1.00000,1.00000
0.02703,0.65000,0.83333,1.00000,1.00000,0.87273,0.92763,0.94513,0.81818,1.00000,1.00000
0.02803,0.65000,0.83333,1.00000,1.00000,0.87273,0.92763,0.94513,0.81818,1.00000,1.00000
0.02903,0.65000,0.83333,1.00000,1.00000,0.87273,0.92754,0.94513,0.81818,1.00000,1.00000
0.03003,0.65000,0.83333,1.00000,1.00000,0.87273,0.92754,0.94513,0.81818,1.00000,1.00000
0.03103,0.65000,0.83333,1.00000,1.00000,0.87273,0.92754,0.94513,0.81818,1.00000,1.00000
0.03203,0.65000,0.82692,1.00000,1.00000,0.87273,0.92754,0.94513,0.81818,1.00000,1.00000
0.03303,0.65000,0.82692,1.00000,1.00000,0.87273,0.92754,0.94513,0.81818,1.00000,1.00000
0.03403,0.65000,0.80000,1.00000,1.00000,0.87273,0.92754,0.94513,0.81818,1.00000,1.00000
0.03504,0.65000,0.77273,1.00000,1.00000,0.87273,0.92754,0.94513,0.80702,1.00000,0.97872
0.03604,0.65000,0.77273,1.00000,1.00000,0.87273,0.92754,0.94513,0.80702,1.00000,0.97872
0.03704,0.65000,0.77273,1.00000,1.00000,0.87273,0.92754,0.94513,0.80702,1.00000,0.97872
0.03804,0.65000,0.77273,1.00000,1.00000,0.87273,0.92754,0.94513,0.80702,1.00000,0.97872
0.03904,0.65000,0.77273,1.00000,1.00000,0.87273,0.92754,0.94513,0.80702,1.00000,0.97872
0.04004,0.65000,0.73611,1.00000,1.00000,0.87273,0.92727,0.94513,0.80702,1.00000,0.97872
0.04104,0.65000,0.73611,1.00000,1.00000,0.87273,0.92727,0.94513,0.80702,1.00000,0.97872
0.04204,0.65000,0.71264,1.00000,1.00000,0.87273,0.92000,0.94513,0.80702,1.00000,0.97872
0.04304,0.65000,0.71264,1.00000,1.00000,0.87273,0.91379,0.94513,0.80702,1.00000,0.97872
0.04404,0.65000,0.71264,1.00000,1.00000,0.87273,0.91139,0.94513,0.79710,1.00000,0.97872
0.04505,0.65000,0.71264,1.00000,1.00000,0.87273,0.90800,0.94513,0.79710,1.00000,0.97872
0.04605,0.65000,0.71264,1.00000,1.00000,0.87273,0.90800,0.94513,0.79710,1.00000,0.97872
0.04705,0.65000,0.71264,1.00000,1.00000,0.87273,0.90551,0.94513,0.79710,1.00000,0.97872
0.04805,0.65000,0.71264,1.00000,1.00000,0.87273,0.90076,0.94513,0.79710,1.00000,0.97872
0.04905,0.64286,0.68817,1.00000,1.00000,0.87273,0.89572,0.94513,0.79710,1.00000,0.97872
0.05005,0.64286,0.68421,1.00000,1.00000,0.87273,0.89572,0.94420,0.79710,1.00000,0.97872
0.05105,0.64286,0.68041,1.00000,1.00000,0.87273,0.89572,0.94269,0.79710,1.00000,0.97872
0.05205,0.64286,0.67677,1.00000,1.00000,0.87273,0.89572,0.94154,0.79710,1.00000,0.97872
0.05305,0.64286,0.66935,1.00000,1.00000,0.87273,0.89572,0.94154,0.78873,1.00000,0.97872
0.05405,0.64286,0.66935,1.00000,1.00000,0.87273,0.89572,0.94154,0.78082,1.00000,0.97872
0.05506,0.64286,0.66935,1.00000,1.00000,0.87273,0.89572,0.94154,0.77632,1.00000,0.97872
0.05606,0.64286,0.66935,1.00000,1.00000,0.87273,0.89572,0.94154,0.77632,1.00000,0.97872
0.05706,0.64286,0.66935,1.00000,1.00000,0.87273,0.89572,0.94059,0.77215,1.00000,0.97872
0.05806,0.64286,0.66935,1.00000,1.00000,0.87273,0.89572,0.93951,0.77215,1.00000,0.97872
0.05906,0.64286,0.66935,1.00000,1.00000,0.87273,0.89572,0.93951,0.77119,1.00000,0.97872
0.06006,0.64286,0.66935,1.00000,1.00000,0.87273,0.89572,0.93951,0.77119,1.00000,0.97872
0.06106,0.64286,0.66935,1.00000,1.00000,0.87273,0.89572,0.93951,0.77119,1.00000,0.97872
0.06206,0.64286,0.66935,1.00000,1.00000,0.87273,0.89572,0.93951,0.77119,1.00000,0.97872
0.06306,0.64286,0.66935,1.00000,1.00000,0.87273,0.89572,0.93951,0.77119,0.98990,0.97872
0.06406,0.64286,0.66935,1.00000,1.00000,0.87273,0.89572,0.93951,0.77119,0.98990,0.97872
0.06507,0.64286,0.66667,1.00000,1.00000,0.87273,0.89572,0.93951,0.77119,0.98990,0.97872
0.06607,0.64286,0.66176,1.00000,1.00000,0.87273,0.89572,0.93951,0.77119,0.98990,0.96154
0.06707,0.64286,0.66176,1.00000,1.00000,0.87273,0.89572,0.93951,0.77119,0.98990,0.96154
0.06807,0.59677,0.66176,1.00000,1.00000,0.87273,0.89572,0.93914,0.77119,0.98990,0.96154
0.06907,0.59677,0.66176,1.00000,1.00000,0.87273,0.89446,0.93593,0.77119,0.98990,0.96154
0.07007,0.57353,0.65493,1.00000,1.00000,0.87273,0.89091,0.93432,0.77119,0.98990,0.96154
0.07107,0.57353,0.65493,1.00000,1.00000,0.87273,0.88945,0.93378,0.77119,0.98990,0.96154
0.07207,0.57353,0.65493,1.00000,1.00000,0.87273,0.88945,0.93217,0.77119,0.98990,0.93846
0.07307,0.57353,0.64626,1.00000,1.00000,0.87273,0.88889,0.93217,0.77119,0.98990,0.93846
0.07407,0.53247,0.63057,1.00000,1.00000,0.87273,0.88780,0.93217,0.77119,0.98773,0.93846
0.07508,0.53247,0.63057,1.00000,1.00000,0.87273,0.88558,0.93217,0.77119,0.98773,0.93846
0.07608,0.53247,0.63057,1.00000,1.00000,0.87273,0.88558,0.93217,0.77119,0.98773,0.93846
0.07708,0.53165,0.62733,1.00000,1.00000,0.87273,0.88558,0.93217,0.77119,0.98773,0.93846
0.07808,0.53165,0.62733,1.00000,1.00000,0.87273,0.88558,0.93217,0.77119,0.98773,0.93846
0.07908,0.52809,0.62048,1.00000,1.00000,0.87273,0.88558,0.93217,0.77119,0.98773,0.93846
0.08008,0.52809,0.61905,1.00000,1.00000,0.87273,0.88514,0.93217,0.77119,0.98773,0.93846
0.08108,0.52809,0.58065,1.00000,1.00000,0.87273,0.88478,0.93217,0.77119,0.98773,0.93846
0.08208,0.52809,0.58065,1.00000,1.00000,0.87273,0.88478,0.93217,0.77119,0.98773,0.93846
0.08308,0.52809,0.58065,1.00000,1.00000,0.87273,0.88478,0.93217,0.77119,0.98773,0.93846
0.08408,0.52809,0.57672,1.00000,1.00000,0.87273,0.88223,0.93217,0.77119,0.98773,0.93846
0.08509,0.52809,0.54146,1.00000,1.00000,0.87273,0.88000,0.93217,0.77119,0.98773,0.93846
0.08609,0.52809,0.54146,1.00000,1.00000,0.87273,0.87917,0.93217,0.77119,0.98773,0.93846
0.08709,0.52809,0.53774,1.00000,1.00000,0.87273,0.87654,0.93217,0.76667,0.98773,0.93846
0.08809,0.52809,0.53774,1.00000,1.00000,0.87273,0.87549,0.93217,0.76296,0.98773,0.92857
0.08909,0.52174,0.53456,1.00000,1.00000,0.87273,0.87549,0.93217,0.76296,0.98773,0.92857
0.09009,0.52174,0.53456,1.00000,1.00000,0.87273,0.87549,0.93217,0.76296,0.98773,0.92857
0.09109,0.51042,0.53394,1.00000,1.00000,0.87273,0.87523,0.93217,0.76296,0.98773,0.92857
0.09209,0.51042,0.52193,1.00000,1.00000,0.87273,0.87523,0.93217,0.76296,0.98773,0.92857
0.09309,0.50000,0.51064,1.00000,1.00000,0.87273,0.87523,0.93217,0.76296,0.98773,0.91919
0.09409,0.48113,0.51029,1.00000,1.00000,0.87273,0.87523,0.93217,0.76296,0.98773,0.91919
0.09510,0.48113,0.51029,1.00000,1.00000,0.87273,0.87523,0.93217,0.76296,0.98773,0.91919
0.09610,0.47273,0.51029,1.00000,1.00000,0.87273,0.87523,0.93217,0.76296,0.98773,0.91919
0.09710,0.47273,0.50813,1.00000,1.00000,0.87273,0.87363,0.93217,0.76296,0.98773,0.91919
0.09810,0.46610,0.50193,1.00000,1.00000,0.87273,0.87114,0.93217,0.76296,0.98773,0.91919
0.09910,0.46610,0.50193,1.00000,1.00000,0.87273,0.86786,0.93217,0.75912,0.98773,0.91919
0.10010,0.46610,0.50193,1.00000,1.00000,0.87273,0.86689,0.93217,0.75540,0.98773,0.91919
0.10110,0.46610,0.49621,1.00000,1.00000,0.87273,0.86689,0.93217,0.75342,0.98773,0.91919
0.10210,0.46610,0.49438,1.00000,1.00000,0.87273,0.86689,0.93217,0.75342,0.98773,0.91919
0.10310,0.46610,0.48921,1.00000,1.00000,0.87273,0.86689,0.93217,0.75342,0.98773,0.91919
0.10410,0.44094,0.48921,1.00000,1.00000,0.87273,0.86689,0.93217,0.75342,0.98773,0.91919
0.10511,0.44094,0.48921,1.00000,1.00000,0.87273,0.86689,0.93217,0.75342,0.98773,0.91919
0.10611,0.41912,0.48410,1.00000,1.00000,0.87273,0.86689,0.93217,0.75163,0.98773,0.91919
0.10711,0.41912,0.47782,1.00000,1.00000,0.87273,0.86495,0.93217,0.75163,0.98773,0.91919
0.10811,0.41135,0.47782,1.00000,1.00000,0.87273,0.86495,0.93217,0.75163,0.98773,0.91919
0.10911,0.40136,0.47157,1.00000,1.00000,0.87273,0.86495,0.93217,0.75163,0.98773,0.91919
0.11011,0.40136,0.47020,1.00000,1.00000,0.87273,0.86495,0.93217,0.74359,0.98773,0.91919
0.11111,0.39474,0.45886,1.00000,1.00000,0.87273,0.86486,0.93217,0.73913,0.98773,0.91919
0.11211,0.39474,0.45886,1.00000,1.00000,0.87273,0.86420,0.93217,0.73913,0.98773,0.91919
0.11311,0.38272,0.45625,1.00000,1.00000,0.87273,0.86420,0.93217,0.73913,0.98773,0.91919
0.11411,0.38272,0.45231,1.00000,1.00000,0.87273,0.86420,0.93217,0.73620,0.98773,0.91919
0.11512,0.38272,0.43695,1.00000,1.00000,0.87273,0.86239,0.93217,0.72941,0.98773,0.91919
0.11612,0.38272,0.43103,1.00000,1.00000,0.87273,0.86100,0.93217,0.72941,0.98773,0.91919
0.11712,0.38235,0.42297,1.00000,1.00000,0.87273,0.86100,0.93217,0.72941,0.98773,0.91919
0.11812,0.38235,0.42192,1.00000,1.00000,0.87273,0.86100,0.93217,0.72941,0.98773,0.91919
0.11912,0.38235,0.42192,1.00000,1.00000,0.87273,0.86100,0.93217,0.72500,0.98773,0.91919
0.12012,0.38235,0.42133,1.00000,1.00000,0.87273,0.86100,0.93217,0.72500,0.98773,0.91919
0.12112,0.38235,0.42133,1.00000,1.00000,0.87273,0.86100,0.93217,0.72500,0.98193,0.91919
0.12212,0.38235,0.42133,1.00000,1.00000,0.87273,0.86100,0.93217,0.72500,0.98068,0.91919
0.12312,0.37500,0.41623,1.00000,1.00000,0.87273,0.86100,0.93217,0.72500,0.98068,0.91919
0.12412,0.37222,0.41558,1.00000,1.00000,0.87273,0.86100,0.93217,0.72500,0.98068,0.91919
0.12513,0.37222,0.40399,1.00000,1.00000,0.87273,0.86100,0.93217,0.72500,0.98068,0.91919
0.12613,0.36735,0.40247,1.00000,1.00000,0.87273,0.86100,0.93217,0.72500,0.98068,0.91919
0.12713,0.36735,0.39709,1.00000,1.00000,0.87273,0.86100,0.93217,0.72500,0.98068,0.91919
0.12813,0.36735,0.39524,1.00000,1.00000,0.87273,0.86100,0.93217,0.72500,0.98068,0.91919
0.12913,0.36735,0.39294,1.00000,1.00000,0.87273,0.86100,0.93217,0.72500,0.98068,0.91919
0.13013,0.36735,0.38889,1.00000,1.00000,0.87273,0.86100,0.93217,0.72500,0.98068,0.91411
0.13113,0.36735,0.38235,1.00000,1.00000,0.87273,0.86100,0.93217,0.72500,0.98068,0.91411
0.13213,0.36735,0.38085,1.00000,1.00000,0.87273,0.86100,0.93217,0.72500,0.98068,0.91411
0.13313,0.36735,0.36831,1.00000,1.00000,0.87273,0.86100,0.93217,0.72500,0.98068,0.91411
0.13413,0.36735,0.36632,1.00000,1.00000,0.87273,0.86100,0.93217,0.72500,0.98068,0.91411
0.13514,0.36735,0.36632,1.00000,1.00000,0.87273,0.86100,0.93217,0.72500,0.98068,0.91411
0.13614,0.35437,0.36214,1.00000,1.00000,0.86957,0.86100,0.93217,0.72500,0.98068,0.91411
0.13714,0.35437,0.35685,1.00000,1.00000,0.86957,0.86055,0.93217,0.72500,0.98068,0.91411
0.13814,0.34419,0.35600,1.00000,1.00000,0.86957,0.86055,0.93217,0.72500,0.98068,0.91411
0.13914,0.34375,0.35250,1.00000,1.00000,0.86957,0.86055,0.93217,0.72464,0.98068,0.91411
0.14014,0.34375,0.35250,1.00000,1.00000,0.86957,0.86055,0.93217,0.72464,0.98068,0.91411
0.14114,0.34375,0.35250,1.00000,1.00000,0.86857,0.85980,0.93217,0.72464,0.98068,0.91411
0.14214,0.34375,0.35250,1.00000,1.00000,0.86857,0.85820,0.93217,0.72464,0.98068,0.91411
0.14314,0.34375,0.35250,1.00000,1.00000,0.86857,0.85802,0.93217,0.72464,0.98068,0.91411
0.14414,0.34375,0.35250,1.00000,1.00000,0.86857,0.85714,0.93217,0.72350,0.98068,0.91411
0.14515,0.33745,0.35250,1.00000,1.00000,0.86857,0.85697,0.93217,0.72350,0.98068,0.91411
0.14615,0.33745,0.35250,1.00000,1.00000,0.86857,0.85526,0.93217,0.72350,0.98068,0.91411
0.14715,0.33745,0.35250,1.00000,1.00000,0.86857,0.85482,0.93217,0.72350,0.98068,0.91411
0.14815,0.33745,0.34414,1.00000,1.00000,0.86857,0.85482,0.93217,0.72350,0.98068,0.91411
0.14915,0.33745,0.34164,1.00000,1.00000,0.86857,0.85482,0.93217,0.72350,0.98068,0.91411
0.15015,0.33745,0.34146,1.00000,1.00000,0.86857,0.85482,0.93217,0.72350,0.98068,0.91411
0.15115,0.33745,0.34146,1.00000,1.00000,0.86857,0.85304,0.93217,0.72146,0.98068,0.91411
0.15215,0.33745,0.34146,1.00000,1.00000,0.86857,0.85240,0.93217,0.71556,0.97619,0.91411
0.15315,0.33745,0.32781,1.00000,1.00000,0.86857,0.85011,0.93217,0.71556,0.97619,0.91411
0.15415,0.33466,0.32037,1.00000,1.00000,0.86857,0.85011,0.93217,0.71491,0.97403,0.91411
0.15516,0.33466,0.32037,1.00000,1.00000,0.86857,0.85011,0.93217,0.71491,0.97403,0.91411
0.15616,0.33466,0.32037,1.00000,1.00000,0.86857,0.84906,0.93217,0.71304,0.97403,0.91411
0.15716,0.33466,0.32037,1.00000,1.00000,0.86857,0.84802,0.93217,0.69915,0.97403,0.91411
0.15816,0.33333,0.32037,1.00000,1.00000,0.86857,0.84715,0.93217,0.69710,0.97403,0.91411
0.15916,0.33333,0.32037,1.00000,1.00000,0.86857,0.84715,0.93217,0.69710,0.97403,0.91411
0.16016,0.33333,0.31555,1.00000,1.00000,0.86857,0.84715,0.93217,0.69710,0.97403,0.91411
0.16116,0.33333,0.31446,1.00000,0.99970,0.86857,0.84632,0.93217,0.69547,0.97403,0.91411
0.16216,0.33210,0.31446,1.00000,0.99970,0.86857,0.84632,0.93217,0.69231,0.97403,0.91411
0.16316,0.33210,0.31446,1.00000,0.99970,0.86857,0.84431,0.93217,0.69231,0.97403,0.91411
0.16416,0.33210,0.31315,1.00000,0.99970,0.86857,0.84431,0.93217,0.68254,0.97403,0.91411
0.16517,0.33210,0.30970,1.00000,0.99970,0.86857,0.84431,0.93217,0.68093,0.97403,0.91411
0.16617,0.33210,0.30970,1.00000,0.99970,0.86857,0.84161,0.93217,0.68093,0.97403,0.91411
0.16717,0.33210,0.30595,1.00000,0.99970,0.86857,0.84086,0.93217,0.68093,0.97403,0.91411
0.16817,0.33210,0.29972,1.00000,0.99970,0.86857,0.84049,0.93217,0.68077,0.97403,0.91411
0.16917,0.33210,0.29822,1.00000,0.99970,0.86857,0.83959,0.93217,0.68077,0.97348,0.91411
0.17017,0.31379,0.29467,1.00000,0.99970,0.86857,0.83868,0.93217,0.67939,0.97348,0.91411
0.17117,0.30872,0.29467,1.00000,0.99970,0.86857,0.83868,0.93217,0.67803,0.97348,0.91411
0.17217,0.30872,0.29211,1.00000,0.99970,0.86857,0.83797,0.93217,0.67669,0.97348,0.91411
0.17317,0.29618,0.29129,1.00000,0.99970,0.86857,0.83547,0.93217,0.67647,0.97348,0.91411
0.17417,0.29618,0.28991,1.00000,0.99951,0.86857,0.83366,0.93217,0.67647,0.97348,0.91411
0.17518,0.29503,0.28991,1.00000,0.99951,0.86857,0.83364,0.93217,0.67647,0.97348,0.91411
0.17618,0.29503,0.28991,1.00000,0.99951,0.86857,0.83364,0.93217,0.67518,0.97348,0.91411
0.17718,0.29503,0.28951,1.00000,0.99951,0.86857,0.83364,0.93217,0.66906,0.97348,0.91411
0.17818,0.29503,0.28911,1.00000,0.99951,0.86857,0.83364,0.93217,0.66892,0.97348,0.91411
0.17918,0.28487,0.28911,1.00000,0.99951,0.86857,0.83364,0.93217,0.66892,0.97348,0.91411
0.18018,0.28487,0.28892,1.00000,0.99951,0.86857,0.83364,0.93217,0.66892,0.97348,0.91411
0.18118,0.28000,0.28641,1.00000,0.99951,0.86857,0.83364,0.93217,0.66892,0.97348,0.91411
0.18218,0.28000,0.28485,1.00000,0.99951,0.86857,0.83364,0.93217,0.66892,0.97348,0.91411
0.18318,0.28000,0.28263,1.00000,0.99951,0.86857,0.83364,0.93217,0.66892,0.97348,0.91411
0.18418,0.28000,0.27888,1.00000,0.99951,0.86857,0.83364,0.93217,0.66892,0.97348,0.91411
0.18519,0.27397,0.27888,1.00000,0.99951,0.86857,0.83349,0.93217,0.66892,0.97348,0.91411
0.18619,0.27397,0.27875,1.00000,0.99951,0.86857,0.83181,0.93217,0.66892,0.97348,0.91411
0.18719,0.27397,0.27520,1.00000,0.99951,0.86857,0.83100,0.93217,0.66892,0.97348,0.91411
0.18819,0.27371,0.27520,1.00000,0.99951,0.86857,0.83100,0.93217,0.66892,0.97348,0.91411
0.18919,0.27371,0.27447,1.00000,0.99951,0.86857,0.83100,0.93217,0.66892,0.97348,0.91411
0.19019,0.27346,0.27253,1.00000,0.99951,0.86857,0.83100,0.93217,0.66779,0.97348,0.91411
0.19119,0.27346,0.26631,1.00000,0.99951,0.86857,0.83100,0.93217,0.66667,0.97348,0.91411
0.19219,0.27105,0.26631,1.00000,0.99951,0.86857,0.83100,0.93217,0.66124,0.97348,0.91411
0.19319,0.27105,0.26631,1.00000,0.99951,0.86857,0.83100,0.93217,0.66124,0.97048,0.91411
0.19419,0.26185,0.26455,1.00000,0.99951,0.86857,0.83100,0.93217,0.66124,0.97048,0.91411
0.19520,0.26185,0.26299,1.00000,0.99951,0.86857,0.83033,0.93217,0.65595,0.97048,0.91411
0.19620,0.26185,0.26299,1.00000,0.99951,0.86857,0.83033,0.93217,0.65217,0.97048,0.91411
0.19720,0.26185,0.26240,1.00000,0.99951,0.86857,0.83033,0.93217,0.65217,0.96831,0.91411
0.19820,0.25917,0.26203,1.00000,0.99951,0.86857,0.83033,0.93217,0.65217,0.96831,0.91411
0.19920,0.25917,0.26034,1.00000,0.99951,0.86857,0.82954,0.93217,0.65217,0.96831,0.91411
0.20020,0.24773,0.26034,1.00000,0.99951,0.86857,0.82954,0.93217,0.65217,0.96831,0.91411
0.20120,0.24773,0.25874,1.00000,0.99951,0.86857,0.82872,0.93196,0.64923,0.96831,0.91411
0.20220,0.24773,0.25765,1.00000,0.99951,0.86857,0.82845,0.93196,0.64742,0.96831,0.91411
0.20320,0.24773,0.25534,1.00000,0.99951,0.86857,0.82612,0.93196,0.64742,0.96831,0.91411
0.20420,0.24773,0.25534,1.00000,0.99951,0.86857,0.82411,0.93196,0.64264,0.96831,0.91411
0.20521,0.24609,0.25456,1.00000,0.99951,0.86857,0.82228,0.93196,0.63988,0.96831,0.91411
0.20621,0.24609,0.24837,1.00000,0.99951,0.86857,0.81943,0.93196,0.63905,0.96636,0.91411
0.20721,0.24348,0.24655,1.00000,0.99951,0.86857,0.81906,0.93196,0.63689,0.96636,0.91411
0.20821,0.24348,0.24655,1.00000,0.99951,0.86857,0.81636,0.93126,0.63689,0.96636,0.91411
0.20921,0.24348,0.24360,1.00000,0.99951,0.86857,0.81514,0.93043,0.63689,0.96636,0.91411
0.21021,0.24348,0.24360,1.00000,0.99951,0.86857,0.81284,0.92991,0.63689,0.96636,0.91411
0.21121,0.23789,0.24360,1.00000,0.99951,0.86857,0.81284,0.92991,0.63689,0.96636,0.91411
0.21221,0.23789,0.24360,1.00000,0.99951,0.86857,0.81284,0.92974,0.63636,0.96636,0.91411
0.21321,0.23457,0.24360,1.00000,0.99930,0.86857,0.81085,0.92974,0.63636,0.96636,0.90964
0.21421,0.23457,0.24360,1.00000,0.99930,0.86667,0.81052,0.92893,0.63636,0.96636,0.90964
0.21522,0.22638,0.24024,1.00000,0.99930,0.86667,0.80828,0.92850,0.62637,0.96636,0.90964
0.21622,0.22359,0.23308,1.00000,0.99930,0.86667,0.80749,0.92790,0.62637,0.96636,0.90476
0.21722,0.22359,0.23217,1.00000,0.99930,0.86667,0.80726,0.92761,0.62637,0.96636,0.90476
0.21822,0.22359,0.23115,1.00000,0.99930,0.86667,0.80726,0.92760,0.61230,0.96636,0.90476
0.21922,0.22359,0.22971,1.00000,0.99930,0.86667,0.80631,0.92760,0.60836,0.96636,0.90476
0.22022,0.22359,0.22811,1.00000,0.99930,0.86667,0.80624,0.92760,0.60836,0.96636,0.90476
0.22122,0.22359,0.22609,1.00000,0.99930,0.86667,0.80624,0.92760,0.60836,0.96636,0.90476
0.22222,0.22359,0.22541,1.00000,0.99930,0.86667,0.80624,0.92716,0.60836,0.96636,0.90476
0.22322,0.22359,0.22541,1.00000,0.99930,0.86667,0.80486,0.92684,0.60000,0.96636,0.90476
0.22422,0.22359,0.22541,1.00000,0.99930,0.86667,0.80276,0.92636,0.59645,0.96636,0.90476
0.22523,0.22359,0.22541,1.00000,0.99909,0.86667,0.80276,0.92636,0.59596,0.96636,0.90476
0.22623,0.22359,0.22513,1.00000,0.99909,0.86667,0.80276,0.92634,0.59250,0.96636,0.90476
0.22723,0.22359,0.22273,1.00000,0.99909,0.86667,0.80244,0.92625,0.58765,0.96636,0.90476
0.22823,0.22359,0.22273,1.00000,0.99909,0.86667,0.80244,0.92609,0.58722,0.96636,0.90476
0.22923,0.22359,0.22206,1.00000,0.99909,0.86667,0.80157,0.92609,0.57831,0.96636,0.90476
0.23023,0.22359,0.22197,1.00000,0.99909,0.86667,0.80085,0.92543,0.56177,0.96636,0.90476
0.23123,0.22359,0.22156,1.00000,0.99893,0.86667,0.80085,0.92530,0.56148,0.96636,0.90476
0.23223,0.22359,0.22083,1.00000,0.99893,0.86667,0.80042,0.92528,0.55862,0.96636,0.90476
0.23323,0.22359,0.21733,1.00000,0.99893,0.86667,0.80000,0.92528,0.55835,0.96636,0.90476
0.23423,0.22359,0.21727,1.00000,0.99893,0.86667,0.79624,0.92496,0.55430,0.96636,0.90476
0.23524,0.22359,0.21459,1.00000,0.99893,0.86667,0.79585,0.92496,0.55157,0.96636,0.90476
0.23624,0.22359,0.20977,1.00000,0.99893,0.86667,0.79545,0.92479,0.54989,0.96636,0.90476
0.23724,0.22359,0.20676,1.00000,0.99893,0.86667,0.79289,0.92458,0.54989,0.96471,0.90476
0.23824,0.22359,0.20614,1.00000,0.99893,0.86500,0.79051,0.92389,0.54486,0.96471,0.90476
0.23924,0.22300,0.20614,1.00000,0.99893,0.86500,0.78986,0.92316,0.53503,0.96471,0.90476
0.24024,0.22300,0.20501,1.00000,0.99893,0.86500,0.78975,0.92310,0.53503,0.96471,0.90476
0.24124,0.21864,0.20501,1.00000,0.99893,0.86500,0.78975,0.92305,0.53474,0.96471,0.90476
0.24224,0.21864,0.20459,1.00000,0.99893,0.86500,0.78975,0.92261,0.53474,0.96471,0.90476
0.24324,0.21803,0.20363,1.00000,0.99893,0.86500,0.78912,0.92252,0.53459,0.96471,0.90476
0.24424,0.21803,0.20154,1.00000,0.99893,0.86207,0.78826,0.92214,0.53222,0.96471,0.90476
0.24525,0.21803,0.20051,1.00000,0.99893,0.86207,0.78726,0.92214,0.53099,0.96471,0.90104
0.24625,0.21803,0.20050,1.00000,0.99883,0.86207,0.78349,0.92114,0.53086,0.96410,0.90104
0.24725,0.21803,0.19765,1.00000,0.99883,0.86175,0.78278,0.92083,0.52953,0.96410,0.90047
0.24825,0.21803,0.19584,1.00000,0.99883,0.86175,0.78278,0.92032,0.52953,0.96410,0.90047
0.24925,0.21803,0.19419,1.00000,0.99883,0.86175,0.78278,0.92023,0.52941,0.96410,0.90047
0.25025,0.21273,0.19226,1.00000,0.99883,0.86175,0.78197,0.91998,0.52610,0.96410,0.90047
0.25125,0.21273,0.19120,1.00000,0.99883,0.86175,0.78186,0.91982,0.52539,0.96410,0.90047
0.25225,0.21273,0.19120,1.00000,0.99883,0.86175,0.78186,0.91961,0.52539,0.96410,0.90047
0.25325,0.21273,0.19120,1.00000,0.99883,0.86175,0.78064,0.91912,0.52539,0.96410,0.90047
0.25425,0.21273,0.18811,1.00000,0.99883,0.86175,0.78029,0.91869,0.52539,0.96410,0.90047
0.25526,0.21273,0.18811,1.00000,0.99883,0.86175,0.77812,0.91758,0.52539,0.96410,0.90047
0.25626,0.21273,0.18686,1.00000,0.99883,0.86175,0.77778,0.91747,0.52539,0.96410,0.90047
0.25726,0.21273,0.18373,1.00000,0.99883,0.86175,0.77682,0.91747,0.52539,0.96410,0.90047
0.25826,0.21133,0.18321,1.00000,0.99883,0.86175,0.77614,0.91693,0.52519,0.96410,0.90047
0.25926,0.21133,0.18321,1.00000,0.99883,0.86175,0.77486,0.91663,0.52519,0.96410,0.90047
0.26026,0.21125,0.18305,1.00000,0.99883,0.86175,0.77419,0.91513,0.52207,0.96410,0.90047
0.26126,0.21125,0.18305,1.00000,0.99883,0.86175,0.77300,0.91427,0.51601,0.96410,0.90047
0.26226,0.20958,0.18305,1.00000,0.99883,0.86175,0.77196,0.91396,0.51565,0.96410,0.90047
0.26326,0.20796,0.18305,1.00000,0.99883,0.86175,0.76882,0.91337,0.51565,0.96410,0.90047
0.26426,0.20796,0.18230,1.00000,0.99883,0.85520,0.76453,0.91281,0.51565,0.96410,0.90047
0.26527,0.20700,0.18230,1.00000,0.99883,0.85520,0.76453,0.91222,0.51565,0.96410,0.90047
0.26627,0.20700,0.18187,1.00000,0.99883,0.85398,0.76453,0.91146,0.51565,0.96410,0.90047
0.26727,0.20487,0.18135,1.00000,0.99883,0.85398,0.76343,0.91043,0.51565,0.96410,0.90047
0.26827,0.20487,0.18135,1.00000,0.99883,0.85398,0.76262,0.91043,0.51277,0.96410,0.90047
0.26927,0.20220,0.18135,1.00000,0.99883,0.85398,0.76215,0.91043,0.50719,0.96410,0.90047
0.27027,0.20220,0.18135,1.00000,0.99883,0.85398,0.75842,0.90999,0.50266,0.96410,0.90047
0.27127,0.20220,0.18135,1.00000,0.99866,0.85398,0.75842,0.90913,0.50088,0.96410,0.90047
0.27227,0.20220,0.18135,1.00000,0.99866,0.84836,0.75639,0.90901,0.49913,0.96410,0.89720
0.27327,0.20220,0.18135,1.00000,0.99866,0.84836,0.75523,0.90842,0.49913,0.96410,0.89720
0.27427,0.20220,0.18075,1.00000,0.99866,0.84836,0.75224,0.90827,0.49913,0.96410,0.89720
0.27528,0.20220,0.17711,1.00000,0.99848,0.84836,0.75224,0.90797,0.49231,0.96410,0.89352
0.27628,0.20220,0.17711,1.00000,0.99848,0.84836,0.75139,0.90759,0.49066,0.96410,0.89035
0.27728,0.20000,0.17578,1.00000,0.99839,0.84836,0.74917,0.90708,0.48253,0.96410,0.89035
0.27828,0.19634,0.17556,1.00000,0.99839,0.84836,0.74890,0.90592,0.47635,0.96410,0.89035
0.27928,0.19634,0.17556,1.00000,0.99839,0.84836,0.74713,0.90537,0.47635,0.96410,0.89035
0.28028,0.19634,0.17556,1.00000,0.99839,0.84836,0.74539,0.90508,0.46677,0.96410,0.89035
0.28128,0.19634,0.17545,1.00000,0.99839,0.84836,0.74501,0.90483,0.46677,0.96410,0.89035
0.28228,0.19585,0.17416,1.00000,0.99839,0.84836,0.74501,0.90483,0.46677,0.96269,0.89035
0.28328,0.19585,0.17398,1.00000,0.99839,0.84836,0.74422,0.90465,0.46334,0.96269,0.89035
0.28428,0.18469,0.17305,1.00000,0.99839,0.84836,0.74187,0.90433,0.46273,0.96269,0.89035
0.28529,0.18469,0.17139,1.00000,0.99839,0.84836,0.73968,0.90369,0.45303,0.96269,0.89035
0.28629,0.18345,0.17139,1.00000,0.99839,0.84836,0.73931,0.90330,0.44818,0.96269,0.89035
0.28729,0.18345,0.17105,1.00000,0.99839,0.84836,0.73893,0.90290,0.44818,0.96269,0.89035
0.28829,0.18246,0.17087,1.00000,0.99839,0.84836,0.73893,0.90235,0.44818,0.96269,0.89035
0.28929,0.18246,0.17087,0.99590,0.99839,0.84836,0.73893,0.90136,0.44818,0.96269,0.89035
0.29029,0.18214,0.16923,0.99590,0.99839,0.84836,0.73857,0.90078,0.44818,0.96040,0.88696
0.29129,0.18214,0.16877,0.99590,0.99839,0.84836,0.73706,0.89989,0.44818,0.95913,0.88696
0.29229,0.17902,0.16529,0.99590,0.99839,0.84615,0.73508,0.89943,0.44818,0.95913,0.88655
0.29329,0.17902,0.16529,0.99590,0.99839,0.84615,0.73350,0.89871,0.44818,0.95913,0.88655
0.29429,0.17902,0.16529,0.99590,0.99839,0.84615,0.73306,0.89800,0.44767,0.95913,0.88655
0.29530,0.17894,0.15923,0.99590,0.99823,0.84524,0.73137,0.89721,0.44589,0.95913,0.88655
0.29630,0.17894,0.15923,0.99590,0.99823,0.84524,0.72984,0.89699,0.43568,0.95913,0.88655
0.29730,0.17761,0.15813,0.99590,0.99823,0.84524,0.72923,0.89687,0.43568,0.95913,0.88655
0.29830,0.17761,0.15800,0.99590,0.99816,0.84524,0.72891,0.89683,0.43568,0.95913,0.88655
0.29930,0.17761,0.15800,0.99590,0.99816,0.84524,0.72655,0.89671,0.43568,0.95910,0.88655
0.30030,0.17761,0.15734,0.99590,0.99816,0.84314,0.72620,0.89601,0.43568,0.95910,0.88655
0.30130,0.17761,0.15734,0.99590,0.99816,0.84314,0.72611,0.89565,0.43568,0.95910,0.88655
0.30230,0.17761,0.15544,0.99590,0.99816,0.84314,0.72593,0.89534,0.43466,0.95910,0.87649
0.30330,0.17761,0.15418,0.99590,0.99816,0.84291,0.72434,0.89417,0.43247,0.95910,0.87649
0.30430,0.17761,0.15002,0.99590,0.99816,0.84291,0.72338,0.89413,0.42973,0.95910,0.87649
0.30531,0.17761,0.14958,0.99590,0.99816,0.84291,0.72021,0.89407,0.42781,0.95910,0.87649
0.30631,0.17761,0.14951,0.99590,0.99816,0.84291,0.71947,0.89390,0.42348,0.95910,0.87649
0.30731,0.17761,0.14894,0.99590,0.99816,0.84291,0.71947,0.89342,0.42347,0.95910,0.87649
0.30831,0.17761,0.14894,0.99590,0.99816,0.84291,0.71947,0.89235,0.42347,0.95910,0.87649
0.30931,0.17761,0.14894,0.99590,0.99816,0.84291,0.71872,0.89216,0.42347,0.95910,0.87649
0.31031,0.17382,0.14674,0.99590,0.99816,0.84211,0.71872,0.89193,0.42347,0.95910,0.87649
0.31131,0.17382,0.14418,0.99590,0.99816,0.84211,0.71872,0.89104,0.42347,0.95910,0.87649
0.31231,0.17378,0.14418,0.99590,0.99816,0.84211,0.71872,0.88999,0.42347,0.95910,0.87649
0.31331,0.17378,0.14418,0.99590,0.99816,0.84211,0.71857,0.88968,0.42347,0.95910,0.87649
0.31431,0.17373,0.14418,0.99590,0.99816,0.84211,0.71843,0.88930,0.42347,0.95910,0.87209
0.31532,0.17373,0.14376,0.99590,0.99804,0.84211,0.71734,0.88895,0.42347,0.95910,0.87209
0.31632,0.17280,0.14376,0.99590,0.99804,0.84138,0.71587,0.88874,0.42347,0.95910,0.87209
0.31732,0.17280,0.14133,0.99590,0.99804,0.84138,0.71488,0.88866,0.42347,0.95910,0.87209
0.31832,0.16881,0.14109,0.99590,0.99804,0.84138,0.71409,0.88866,0.42259,0.95910,0.87209
0.31932,0.16881,0.14095,0.99590,0.99804,0.84138,0.71409,0.88820,0.42105,0.95910,0.87209
0.32032,0.16881,0.13617,0.99590,0.99804,0.84138,0.71117,0.88820,0.42105,0.95910,0.87209
0.32132,0.16881,0.13244,0.99590,0.99804,0.84138,0.71035,0.88784,0.42105,0.95910,0.87209
0.32232,0.16830,0.13190,0.99590,0.99792,0.84138,0.71011,0.88748,0.42020,0.95910,0.86641
0.32332,0.16779,0.13134,0.99590,0.99792,0.84138,0.71011,0.88716,0.41904,0.95910,0.86641
0.32432,0.16779,0.13050,0.99373,0.99792,0.84138,0.70917,0.88715,0.41904,0.95910,0.85714
0.32533,0.16779,0.12511,0.99373,0.99792,0.84138,0.70761,0.88701,0.41820,0.95910,0.85714
0.32633,0.16779,0.12284,0.99373,0.99792,0.84138,0.70732,0.88700,0.41255,0.95910,0.85714
0.32733,0.16778,0.12016,0.99373,0.99792,0.84138,0.70671,0.88684,0.41176,0.95910,0.85714
0.32833,0.16778,0.11956,0.99373,0.99792,0.84138,0.70544,0.88624,0.41148,0.95910,0.85714
0.32933,0.16778,0.11945,0.99373,0.99779,0.84138,0.70429,0.88624,0.41071,0.95910,0.85714
0.33033,0.16778,0.11861,0.99373,0.99779,0.84138,0.70248,0.88624,0.41065,0.95910,0.85714
0.33133,0.16527,0.11861,0.99373,0.99779,0.84138,0.70060,0.88624,0.41065,0.95910,0.85714
0.33233,0.16527,0.11849,0.99373,0.99779,0.84138,0.70060,0.88547,0.40749,0.95910,0.85714
0.33333,0.16375,0.11823,0.99373,0.99779,0.84138,0.69987,0.88540,0.40207,0.95910,0.85714
0.33433,0.16375,0.11799,0.99373,0.99774,0.84138,0.69928,0.88540,0.40184,0.95910,0.85714
0.33534,0.16288,0.11763,0.99373,0.99774,0.84138,0.69928,0.88532,0.40065,0.95910,0.85714
0.33634,0.16288,0.11763,0.99373,0.99774,0.84138,0.69928,0.88525,0.40065,0.95910,0.85714
0.33734,0.15887,0.11731,0.99373,0.99774,0.84138,0.69928,0.88484,0.40065,0.95910,0.85714
0.33834,0.15887,0.11608,0.99373,0.99774,0.84138,0.69739,0.88465,0.40065,0.95910,0.85714
0.33934,0.15497,0.11585,0.99373,0.99774,0.84138,0.69602,0.88437,0.40065,0.95910,0.85714
0.34034,0.15114,0.11585,0.99373,0.99774,0.84138,0.69536,0.88411,0.40065,0.95910,0.85714
0.34134,0.15114,0.11585,0.99373,0.99774,0.84138,0.69320,0.88364,0.40065,0.95910,0.85714
0.34234,0.15114,0.11566,0.99373,0.99774,0.84138,0.69247,0.88356,0.40065,0.95910,0.85714
0.34334,0.15114,0.11531,0.99373,0.99774,0.84138,0.69107,0.88340,0.40065,0.95910,0.85616
0.34434,0.15114,0.11440,0.99373,0.99774,0.83959,0.69073,0.88319,0.40065,0.95910,0.85616
0.34535,0.15114,0.11440,0.99373,0.99774,0.83959,0.68898,0.88282,0.40065,0.95910,0.85616
0.34635,0.15114,0.11240,0.99373,0.99774,0.83959,0.68432,0.88251,0.40065,0.95910,0.85616
0.34735,0.15114,0.11158,0.99373,0.99774,0.83502,0.68324,0.88096,0.40065,0.95910,0.85616
0.34835,0.15110,0.10975,0.99373,0.99774,0.83502,0.68324,0.88043,0.40065,0.95910,0.85616
0.34935,0.15110,0.10893,0.99373,0.99774,0.83333,0.68225,0.88025,0.40065,0.95910,0.85616
0.35035,0.14996,0.10826,0.99373,0.99774,0.83333,0.68111,0.88000,0.40065,0.95910,0.85616
0.35135,0.14996,0.10476,0.99373,0.99774,0.83333,0.67891,0.88000,0.40065,0.95850,0.85616
0.35235,0.14885,0.10450,0.99373,0.99774,0.82566,0.67647,0.88000,0.40065,0.95850,0.85616
0.35335,0.14885,0.10450,0.99373,0.99774,0.82566,0.67619,0.87993,0.39657,0.95850,0.85616
0.35435,0.14858,0.10424,0.99373,0.99774,0.82524,0.67498,0.87915,0.39637,0.95850,0.85616
0.35536,0.14275,0.10393,0.99373,0.99774,0.82524,0.67455,0.87882,0.39407,0.95850,0.85616
0.35636,0.14275,0.10289,0.99373,0.99774,0.82524,0.67440,0.87832,0.39388,0.95850,0.85616
0.35736,0.14141,0.10275,0.99373,0.99774,0.82524,0.67438,0.87815,0.39162,0.95850,0.85374
0.35836,0.14141,0.10176,0.99373,0.99774,0.82524,0.67358,0.87796,0.38941,0.95850,0.85374
0.35936,0.14141,0.10125,0.99373,0.99774,0.82445,0.67138,0.87722,0.38849,0.95850,0.84839
0.36036,0.14141,0.10100,0.99373,0.99774,0.82445,0.67022,0.87658,0.38849,0.95850,0.84839
0.36136,0.14141,0.10089,0.99373,0.99774,0.82445,0.66894,0.87655,0.38849,0.95850,0.84839
0.36236,0.14141,0.09953,0.99373,0.99774,0.82445,0.66755,0.87636,0.38792,0.95850,0.84839
0.36336,0.14141,0.09947,0.99373,0.99774,0.82445,0.66654,0.87574,0.38345,0.95720,0.84839
0.36436,0.14141,0.09932,0.99373,0.99774,0.82445,0.66233,0.87504,0.38215,0.95720,0.84839
0.36537,0.14141,0.09790,0.99373,0.99774,0.82445,0.66174,0.87474,0.38209,0.95720,0.84839
0.36637,0.14141,0.09760,0.99373,0.99774,0.82445,0.66113,0.87467,0.38209,0.95720,0.84839
0.36737,0.14141,0.09719,0.99373,0.99774,0.82445,0.66029,0.87460,0.38209,0.95720,0.84839
0.36837,0.14141,0.09643,0.99373,0.99774,0.82445,0.65934,0.87449,0.37931,0.95472,0.84839
0.36937,0.13966,0.09556,0.99373,0.99774,0.82445,0.65698,0.87420,0.37843,0.95472,0.84839
0.37037,0.13966,0.09530,0.99373,0.99774,0.82445,0.65628,0.87390,0.37670,0.95472,0.84839
0.37137,0.13966,0.09530,0.99373,0.99774,0.82043,0.65500,0.87374,0.37585,0.95472,0.84839
0.37237,0.13966,0.09510,0.99373,0.99774,0.82043,0.65224,0.87327,0.37380,0.95472,0.84839
0.37337,0.13966,0.09510,0.99373,0.99761,0.81651,0.65098,0.87302,0.37380,0.95472,0.84839
0.37437,0.13966,0.09432,0.99373,0.99750,0.81651,0.64986,0.87252,0.37298,0.95472,0.84839
0.37538,0.13966,0.09318,0.99373,0.99750,0.81651,0.64739,0.87185,0.37113,0.95472,0.84839
0.37638,0.13445,0.09259,0.99373,0.99750,0.81627,0.64436,0.87113,0.37113,0.95472,0.84615
0.37738,0.13445,0.09245,0.99373,0.99750,0.81627,0.64206,0.87080,0.37113,0.95472,0.84127
0.37838,0.13435,0.09239,0.99373,0.99744,0.81627,0.63916,0.87062,0.37113,0.95472,0.84127
0.37938,0.13435,0.09178,0.99373,0.99744,0.81627,0.63899,0.87047,0.37068,0.95301,0.83912
0.38038,0.13435,0.09099,0.99373,0.99744,0.81627,0.63861,0.87021,0.36989,0.95213,0.83750
0.38138,0.13435,0.09099,0.99373,0.99744,0.81627,0.63748,0.87018,0.36900,0.95213,0.83750
0.38238,0.13342,0.08980,0.99373,0.99744,0.81548,0.63636,0.87018,0.36900,0.95213,0.83750
0.38338,0.13342,0.08879,0.99373,0.99744,0.81548,0.63525,0.86979,0.36891,0.95213,0.83540
0.38438,0.13329,0.08647,0.99373,0.99744,0.81548,0.63428,0.86941,0.36780,0.95213,0.83077
0.38539,0.13093,0.08647,0.99373,0.99744,0.81548,0.63294,0.86879,0.36438,0.95213,0.83077
0.38639,0.13093,0.08553,0.99373,0.99744,0.81471,0.62766,0.86831,0.36331,0.95213,0.82883
0.38739,0.13093,0.08553,0.99373,0.99744,0.81471,0.62455,0.86764,0.35589,0.95213,0.82883
0.38839,0.13093,0.08539,0.99373,0.99744,0.81471,0.62270,0.86723,0.35335,0.95213,0.82883
0.38939,0.13006,0.08539,0.99373,0.99744,0.81471,0.61999,0.86677,0.35238,0.95213,0.82883
0.39039,0.13006,0.08504,0.99373,0.99744,0.81287,0.61888,0.86667,0.34694,0.95213,0.82883
0.39139,0.13006,0.08475,0.99373,0.99733,0.81287,0.61809,0.86643,0.34541,0.95213,0.82883
0.39239,0.13006,0.08446,0.99373,0.99733,0.81105,0.61756,0.86641,0.34221,0.95213,0.82883
0.39339,0.12987,0.08297,0.99373,0.99733,0.81058,0.61652,0.86618,0.34219,0.95213,0.82883
0.39439,0.12987,0.08297,0.99373,0.99720,0.81058,0.61602,0.86578,0.34130,0.95213,0.82796
0.39540,0.12929,0.08297,0.99373,0.99714,0.81058,0.61568,0.86535,0.34130,0.95213,0.82796
0.39640,0.12929,0.08196,0.99373,0.99714,0.81058,0.61492,0.86435,0.34096,0.95213,0.82796
0.39740,0.12833,0.08196,0.99373,0.99714,0.81058,0.61127,0.86398,0.34096,0.95213,0.82796
0.39840,0.12833,0.08196,0.99373,0.99714,0.81058,0.61085,0.86368,0.34096,0.95213,0.82796
0.39940,0.12824,0.08106,0.99373,0.99714,0.81058,0.60924,0.86308,0.33984,0.95213,0.82796
0.40040,0.12775,0.07907,0.99373,0.99714,0.81058,0.60890,0.86282,0.33628,0.95213,0.82796
0.40140,0.12775,0.07862,0.99373,0.99714,0.81058,0.60781,0.86207,0.33600,0.95213,0.82796
0.40240,0.12775,0.07862,0.99373,0.99714,0.81058,0.60747,0.86156,0.33386,0.95105,0.82796
0.40340,0.12775,0.07725,0.99373,0.99714,0.81058,0.60565,0.86156,0.33333,0.95105,0.82796
0.40440,0.12691,0.07696,0.99373,0.99705,0.81058,0.60391,0.86151,0.32944,0.95105,0.82796
0.40541,0.12691,0.07621,0.99373,0.99705,0.81058,0.59795,0.86151,0.32919,0.95105,0.82796
0.40641,0.12323,0.07604,0.99373,0.99705,0.81058,0.59795,0.86151,0.32519,0.95105,0.82796
0.40741,0.12323,0.07537,0.99373,0.99705,0.81058,0.59766,0.86151,0.32519,0.95026,0.82796
0.40841,0.11958,0.07234,0.99373,0.99705,0.81058,0.59719,0.86151,0.32496,0.95026,0.82796
0.40941,0.11958,0.07142,0.99373,0.99705,0.81058,0.59691,0.86120,0.32351,0.95026,0.82796
0.41041,0.11860,0.07067,0.99373,0.99705,0.80926,0.59691,0.86065,0.32015,0.95026,0.82796
0.41141,0.11860,0.06965,0.99373,0.99705,0.80926,0.59691,0.86036,0.31899,0.95026,0.82796
0.41241,0.11860,0.06965,0.99373,0.99705,0.80926,0.59487,0.86024,0.31885,0.95026,0.82796
0.41341,0.11860,0.06962,0.99373,0.99705,0.80926,0.59342,0.86012,0.31885,0.95026,0.82796
0.41441,0.11699,0.06960,0.99373,0.99705,0.80926,0.59269,0.86009,0.31865,0.95026,0.82796
0.41542,0.11647,0.06960,0.99373,0.99705,0.80926,0.59115,0.85998,0.31709,0.94881,0.82796
0.41642,0.11647,0.06904,0.99373,0.99705,0.80926,0.58917,0.85911,0.31709,0.94790,0.82796
0.41742,0.11411,0.06649,0.99373,0.99705,0.80926,0.58785,0.85858,0.31470,0.94790,0.82796
0.41842,0.11411,0.06649,0.99373,0.99705,0.80759,0.58630,0.85762,0.31470,0.94790,0.82796
0.41942,0.11411,0.06649,0.99373,0.99705,0.80759,0.58533,0.85751,0.31470,0.94790,0.82796
0.42042,0.11411,0.06613,0.99373,0.99705,0.80519,0.58480,0.85701,0.31361,0.94790,0.82796
0.42142,0.11390,0.06527,0.99373,0.99705,0.80519,0.58340,0.85701,0.31083,0.94790,0.82796
0.42242,0.11390,0.06488,0.99140,0.99705,0.80519,0.58174,0.85675,0.31083,0.94649,0.82796
0.42342,0.11390,0.06443,0.99140,0.99705,0.80519,0.58174,0.85637,0.30700,0.94649,0.82796
0.42442,0.11390,0.06224,0.99140,0.99705,0.80519,0.58112,0.85637,0.30684,0.94572,0.82796
0.42543,0.11390,0.06222,0.99140,0.99705,0.80519,0.58047,0.85600,0.30527,0.94572,0.82796
0.42643,0.11390,0.06203,0.99140,0.99705,0.80519,0.57809,0.85597,0.30527,0.94572,0.82796
0.42743,0.11176,0.06153,0.99140,0.99705,0.80519,0.57628,0.85580,0.30414,0.94572,0.82796
0.42843,0.11176,0.06012,0.99140,0.99697,0.80519,0.57527,0.85546,0.30414,0.94572,0.82796
0.42943,0.11165,0.05960,0.99140,0.99697,0.80519,0.57334,0.85531,0.30358,0.94572,0.82796
0.43043,0.11165,0.05889,0.99140,0.99697,0.80519,0.57120,0.85468,0.30100,0.94300,0.82796
0.43143,0.11165,0.05821,0.99140,0.99697,0.80519,0.57004,0.85415,0.29947,0.94300,0.82796
0.43243,0.10855,0.05808,0.99140,0.99697,0.80519,0.56939,0.85415,0.29874,0.94300,0.82796
0.43343,0.10855,0.05554,0.99140,0.99685,0.80519,0.56806,0.85415,0.29862,0.94175,0.82796
0.43443,0.10719,0.05451,0.99140,0.99681,0.80519,0.56780,0.85376,0.29404,0.94175,0.82796
0.43544,0.10719,0.05290,0.99140,0.99681,0.80519,0.56446,0.85358,0.29325,0.94175,0.82796
0.43644,0.10719,0.05225,0.99140,0.99681,0.80519,0.56354,0.85314,0.29257,0.94155,0.82796
0.43744,0.10719,0.05188,0.99140,0.99681,0.80362,0.55939,0.85242,0.29153,0.94155,0.82796
0.43844,0.10719,0.04774,0.99140,0.99681,0.80102,0.55746,0.85196,0.29106,0.94155,0.82796
0.43944,0.10719,0.04774,0.99140,0.99681,0.80102,0.55659,0.85187,0.29065,0.94155,0.82796
0.44044,0.10719,0.04724,0.99140,0.99681,0.80102,0.55579,0.85152,0.29065,0.94155,0.82620
0.44144,0.10719,0.04680,0.99140,0.99681,0.80102,0.55279,0.85104,0.29065,0.94155,0.82368
0.44244,0.10719,0.04629,0.99140,0.99681,0.80000,0.55097,0.85097,0.29065,0.94155,0.82368
0.44344,0.10719,0.04629,0.99140,0.99681,0.80000,0.54960,0.85035,0.28964,0.94155,0.82368
0.44444,0.10719,0.04442,0.99140,0.99681,0.80000,0.54960,0.85013,0.28882,0.94155,0.82368
0.44545,0.10719,0.04434,0.99140,0.99673,0.79853,0.54834,0.84980,0.28827,0.94155,0.82368
0.44645,0.10441,0.04426,0.99140,0.99673,0.79853,0.54673,0.84955,0.28827,0.93868,0.82368
0.44745,0.10441,0.04418,0.99140,0.99673,0.79853,0.54620,0.84922,0.28765,0.93740,0.82199
0.44845,0.10441,0.04410,0.99140,0.99673,0.79853,0.54460,0.84904,0.28720,0.93722,0.82199
0.44945,0.10292,0.04402,0.99140,0.99673,0.79853,0.54234,0.84833,0.28606,0.93722,0.82124
0.45045,0.10292,0.04394,0.99140,0.99673,0.79853,0.54077,0.84806,0.28580,0.93722,0.82124
0.45145,0.10190,0.04386,0.99140,0.99673,0.79853,0.54029,0.84761,0.28571,0.93722,0.82124
0.45245,0.10190,0.04378,0.99140,0.99673,0.79853,0.53796,0.84715,0.28563,0.93722,0.82124
0.45345,0.10104,0.04370,0.99140,0.99673,0.79853,0.53721,0.84714,0.28546,0.93722,0.81959
0.45445,0.10104,0.04362,0.99140,0.99673,0.79853,0.53596,0.84688,0.28546,0.93722,0.81795
0.45546,0.10066,0.04354,0.99140,0.99673,0.79853,0.53482,0.84642,0.28132,0.93722,0.81795
0.45646,0.10066,0.04346,0.99140,0.99673,0.79853,0.53164,0.84545,0.28108,0.93722,0.81218
0.45746,0.09899,0.04338,0.99140,0.99673,0.79853,0.53137,0.84459,0.28044,0.93722,0.81061
0.45846,0.09899,0.04330,0.99140,0.99673,0.79756,0.53054,0.84458,0.27810,0.93722,0.81061
0.45946,0.09761,0.04322,0.99140,0.99673,0.79756,0.52911,0.84420,0.27549,0.93722,0.80905
0.46046,0.09761,0.04314,0.99140,0.99673,0.79756,0.52887,0.84399,0.26953,0.93722,0.80597
0.46146,0.09583,0.04306,0.99097,0.99673,0.79612,0.52749,0.84343,0.26953,0.93722,0.80597
0.46246,0.09555,0.04298,0.99097,0.99673,0.79469,0.52705,0.84310,0.26919,0.93722,0.80597
0.46346,0.09555,0.04290,0.99097,0.99673,0.79327,0.52516,0.84286,0.26648,0.93722,0.80296
0.46446,0.09366,0.04282,0.99097,0.99673,0.79327,0.52425,0.84224,0.26427,0.93722,0.80296
0.46547,0.09366,0.04274,0.99097,0.99673,0.78923,0.52239,0.84129,0.26424,0.93722,0.80296
0.46647,0.08893,0.04266,0.99097,0.99668,0.78923,0.52102,0.84088,0.26407,0.93722,0.80196
0.46747,0.08893,0.04258,0.99097,0.99668,0.78923,0.51979,0.84036,0.26011,0.93722,0.80196
0.46847,0.08532,0.04250,0.99097,0.99668,0.78923,0.51752,0.83993,0.26008,0.93722,0.80196
0.46947,0.08532,0.04242,0.99097,0.99668,0.78923,0.51562,0.83960,0.25707,0.93630,0.80049
0.47047,0.08353,0.04234,0.99097,0.99668,0.78923,0.51351,0.83888,0.25598,0.93630,0.80000
0.47147,0.08353,0.04226,0.99097,0.99668,0.78923,0.51234,0.83861,0.25204,0.93630,0.80000
0.47247,0.08033,0.04218,0.99097,0.99668,0.78923,0.51037,0.83811,0.24762,0.93630,0.80000
0.47347,0.08033,0.04210,0.99097,0.99668,0.78923,0.51002,0.83788,0.24762,0.93510,0.80000
0.47447,0.07667,0.04202,0.99097,0.99668,0.78923,0.50899,0.83727,0.24628,0.93510,0.80000
0.47548,0.07667,0.04194,0.99097,0.99660,0.78704,0.50820,0.83619,0.24412,0.93402,0.80000
0.47648,0.07533,0.04186,0.99097,0.99660,0.78704,0.50597,0.83593,0.24412,0.93402,0.80000
0.47748,0.07023,0.04178,0.99097,0.99660,0.78704,0.50542,0.83528,0.24270,0.93218,0.80000
0.47848,0.07023,0.04170,0.99097,0.99660,0.78704,0.50366,0.83448,0.23857,0.93218,0.80000
0.47948,0.06525,0.04162,0.99097,0.99652,0.78670,0.50107,0.83405,0.23746,0.93218,0.80000
0.48048,0.06512,0.04154,0.99097,0.99652,0.78670,0.49746,0.83309,0.23626,0.93218,0.79953
0.48148,0.06500,0.04146,0.99097,0.99652,0.78670,0.49537,0.83200,0.23507,0.93218,0.79953
0.48248,0.06487,0.04138,0.99097,0.99652,0.78670,0.49310,0.83093,0.23390,0.93218,0.79953
0.48348,0.06475,0.04130,0.99097,0.99652,0.78636,0.49097,0.83049,0.23031,0.93218,0.79953
0.48448,0.06462,0.04122,0.99097,0.99652,0.78636,0.48825,0.83036,0.22962,0.93123,0.79812
0.48549,0.06450,0.04114,0.99097,0.99652,0.78636,0.48597,0.82989,0.22801,0.93123,0.79812
0.48649,0.06437,0.04106,0.99097,0.99652,0.78636,0.48560,0.82972,0.22768,0.93123,0.79720
0.48749,0.06424,0.04098,0.99097,0.99652,0.78555,0.48316,0.82912,0.22768,0.93099,0.79720
0.48849,0.06412,0.04090,0.99097,0.99652,0.78555,0.48128,0.82806,0.22661,0.93099,0.79720
0.48949,0.06399,0.04082,0.99097,0.99652,0.78555,0.48082,0.82778,0.22525,0.93099,0.79630
0.49049,0.06387,0.04074,0.99097,0.99652,0.78348,0.48047,0.82711,0.22461,0.93099,0.79630
0.49149,0.06374,0.04066,0.99097,0.99652,0.78348,0.47916,0.82649,0.22160,0.93099,0.79587
0.49249,0.06362,0.04058,0.99097,0.99652,0.78348,0.47845,0.82566,0.22160,0.93099,0.79587
0.49349,0.06349,0.04050,0.99097,0.99652,0.78348,0.47830,0.82527,0.21976,0.93099,0.79587
0.49449,0.06337,0.04042,0.99097,0.99652,0.78097,0.47673,0.82486,0.21944,0.93099,0.79587
0.49550,0.06324,0.04034,0.99097,0.99652,0.78097,0.47545,0.82442,0.21752,0.92978,0.79587
0.49650,0.06311,0.04026,0.99097,0.99652,0.78097,0.47318,0.82341,0.21752,0.92788,0.79452
0.49750,0.06299,0.04018,0.99097,0.99652,0.78070,0.46979,0.82308,0.21703,0.92788,0.79326
0.49850,0.06286,0.04010,0.99097,0.99642,0.78070,0.46838,0.82233,0.21674,0.92788,0.79326
0.49950,0.06274,0.04002,0.99097,0.99623,0.78070,0.46656,0.82155,0.21674,0.92788,0.79326
0.50050,0.06261,0.03994,0.99097,0.99623,0.78070,0.46610,0.82106,0.21449,0.92788,0.79326
0.50150,0.06249,0.03986,0.99097,0.99623,0.77849,0.46438,0.82088,0.21228,0.92552,0.79326
0.50250,0.06236,0.03978,0.99097,0.99618,0.77849,0.45960,0.82041,0.21228,0.92234,0.79326
0.50350,0.06224,0.03970,0.99097,0.99618,0.77849,0.45786,0.81995,0.21228,0.92234,0.79326
0.50450,0.06211,0.03962,0.99097,0.99618,0.77849,0.45549,0.81889,0.21228,0.92234,0.79195
0.50551,0.06199,0.03954,0.99097,0.99618,0.77849,0.45446,0.81837,0.21228,0.92234,0.79195
0.50651,0.06186,0.03946,0.99097,0.99618,0.77849,0.45164,0.81775,0.21181,0.92234,0.79157
0.50751,0.06173,0.03938,0.99097,0.99618,0.77849,0.44968,0.81726,0.21181,0.92130,0.79157
0.50851,0.06161,0.03930,0.99097,0.99608,0.77849,0.44920,0.81588,0.21153,0.92059,0.79157
0.50951,0.06148,0.03922,0.99097,0.99606,0.77849,0.44784,0.81413,0.21134,0.92059,0.79157
0.51051,0.06136,0.03914,0.99097,0.99606,0.77730,0.44389,0.81363,0.21082,0.92059,0.79029
0.51151,0.06123,0.03906,0.99097,0.99606,0.77640,0.44342,0.81322,0.21061,0.92059,0.78947
0.51251,0.06111,0.03898,0.99097,0.99606,0.77640,0.44203,0.81216,0.21061,0.91968,0.78947
0.51351,0.06098,0.03890,0.99097,0.99606,0.77640,0.44157,0.81139,0.20977,0.91968,0.78947
0.51451,0.06086,0.03882,0.99097,0.99606,0.77640,0.44113,0.81053,0.20875,0.91899,0.78867
0.51552,0.06073,0.03874,0.99097,0.99606,0.77640,0.43971,0.80977,0.20875,0.91899,0.78867
0.51652,0.06061,0.03866,0.99097,0.99606,0.77640,0.43896,0.80923,0.20874,0.91899,0.78867
0.51752,0.06048,0.03858,0.99097,0.99606,0.77640,0.43819,0.80900,0.20856,0.91899,0.78742
0.51852,0.06035,0.03850,0.99097,0.99606,0.77640,0.43712,0.80796,0.20830,0.91667,0.78742
0.51952,0.06023,0.03842,0.99097,0.99606,0.77640,0.43551,0.80698,0.20460,0.91568,0.78678
0.52052,0.06010,0.03834,0.99097,0.99599,0.77640,0.43472,0.80636,0.20328,0.91459,0.78678
0.52152,0.05998,0.03826,0.99097,0.99599,0.77640,0.43409,0.80591,0.20328,0.91230,0.78678
0.52252,0.05985,0.03818,0.99097,0.99599,0.77640,0.43222,0.80492,0.19797,0.91062,0.78678
0.52352,0.05973,0.03810,0.99097,0.99599,0.77640,0.43095,0.80419,0.19074,0.91062,0.78678
0.52452,0.05960,0.03802,0.99097,0.99590,0.77640,0.42970,0.80273,0.18970,0.91062,0.78678
0.52553,0.05948,0.03794,0.99097,0.99584,0.77640,0.42552,0.80120,0.18754,0.91062,0.78678
0.52653,0.05935,0.03786,0.99097,0.99584,0.77640,0.42489,0.80025,0.18754,0.90991,0.78678
0.52753,0.05923,0.03778,0.99097,0.99584,0.77640,0.42360,0.79927,0.18699,0.90991,0.78390
0.52853,0.05910,0.03770,0.99097,0.99584,0.77526,0.42050,0.79871,0.18638,0.90991,0.78390
0.52953,0.05897,0.03762,0.99097,0.99584,0.77526,0.42016,0.79821,0.18591,0.90955,0.77530
0.53053,0.05885,0.03754,0.99097,0.99575,0.77143,0.41904,0.79663,0.18299,0.90955,0.77530
0.53153,0.05872,0.03746,0.99097,0.99567,0.77143,0.41568,0.79611,0.18075,0.90955,0.77530
0.53253,0.05860,0.03738,0.99097,0.99567,0.76553,0.41407,0.79524,0.18043,0.90955,0.77530
0.53353,0.05847,0.03730,0.99097,0.99560,0.76553,0.41243,0.79455,0.17971,0.90955,0.77530
0.53453,0.05835,0.03722,0.99097,0.99560,0.76553,0.41127,0.79329,0.17808,0.90736,0.77530
0.53554,0.05822,0.03714,0.99097,0.99560,0.76553,0.40974,0.79178,0.17710,0.90633,0.77530
0.53654,0.05810,0.03706,0.99097,0.99560,0.76553,0.40708,0.79121,0.17542,0.90554,0.77530
0.53754,0.05797,0.03698,0.99097,0.99553,0.76553,0.40565,0.79017,0.17413,0.90554,0.77530
0.53854,0.05784,0.03690,0.99097,0.99553,0.76424,0.40387,0.78918,0.17413,0.90452,0.77530
0.53954,0.05772,0.03682,0.99097,0.99553,0.76424,0.40229,0.78836,0.17413,0.90387,0.77530
0.54054,0.05759,0.03674,0.99097,0.99546,0.76424,0.40030,0.78713,0.17292,0.90387,0.77530
0.54154,0.05747,0.03666,0.99097,0.99546,0.76424,0.39943,0.78619,0.17292,0.90387,0.77530
0.54254,0.05734,0.03658,0.99097,0.99546,0.76424,0.39889,0.78558,0.17292,0.90286,0.77530
0.54354,0.05722,0.03650,0.99097,0.99546,0.76424,0.39648,0.78504,0.17170,0.90199,0.77530
0.54454,0.05709,0.03642,0.99097,0.99538,0.76424,0.39335,0.78416,0.16939,0.90111,0.77530
0.54555,0.05697,0.03634,0.99097,0.99520,0.76424,0.38999,0.78383,0.16760,0.90111,0.77530
0.54655,0.05684,0.03626,0.99097,0.99515,0.76424,0.38733,0.78300,0.16484,0.90073,0.77530
0.54755,0.05672,0.03618,0.99097,0.99515,0.76424,0.38525,0.78241,0.16466,0.90073,0.77419
0.54855,0.05659,0.03610,0.99097,0.99515,0.76070,0.38454,0.78176,0.15717,0.90073,0.77419
0.54955,0.05646,0.03602,0.99097,0.99515,0.76070,0.38262,0.78114,0.15545,0.90073,0.77154
0.55055,0.05634,0.03594,0.99097,0.99515,0.76070,0.38172,0.78046,0.15274,0.90073,0.77046
0.55155,0.05621,0.03586,0.99097,0.99506,0.75676,0.38049,0.77940,0.15244,0.90073,0.76832
0.55255,0.05609,0.03578,0.99097,0.99497,0.75432,0.37827,0.77893,0.15199,0.90073,0.76832
0.55355,0.05596,0.03570,0.99097,0.99471,0.75335,0.37758,0.77754,0.15117,0.90073,0.76832
0.55455,0.05584,0.03562,0.99097,0.99471,0.75335,0.37625,0.77666,0.15049,0.90073,0.76424
0.55556,0.05571,0.03554,0.99097,0.99471,0.75332,0.37625,0.77517,0.14967,0.90073,0.76424
0.55656,0.05559,0.03546,0.99097,0.99455,0.75332,0.37569,0.77463,0.14749,0.90073,0.76172
0.55756,0.05546,0.03538,0.99097,0.99455,0.75332,0.37411,0.77414,0.14656,0.89976,0.75775
0.55856,0.05534,0.03530,0.99097,0.99439,0.75332,0.37162,0.77289,0.14615,0.89808,0.75775
0.55956,0.05521,0.03522,0.99097,0.99439,0.75236,0.37023,0.77169,0.14592,0.89808,0.75624
0.56056,0.05508,0.03514,0.99097,0.99430,0.75236,0.36909,0.77045,0.14462,0.89808,0.75624
0.56156,0.05496,0.03506,0.99097,0.99426,0.75141,0.36643,0.76953,0.14437,0.89631,0.75624
0.56256,0.05483,0.03498,0.99097,0.99426,0.74816,0.36589,0.76877,0.14422,0.89631,0.75624
0.56356,0.05471,0.03490,0.99097,0.99426,0.74816,0.36466,0.76722,0.14383,0.89536,0.75526
0.56456,0.05458,0.03482,0.99097,0.99426,0.74816,0.36403,0.76621,0.14320,0.89455,0.75429
0.56557,0.05446,0.03474,0.99097,0.99426,0.74816,0.36173,0.76509,0.14217,0.89399,0.75429
0.56657,0.05433,0.03466,0.99097,0.99419,0.74816,0.35984,0.76380,0.14129,0.89399,0.75332
0.56757,0.05421,0.03458,0.99097,0.99419,0.74816,0.35840,0.76317,0.14062,0.89399,0.75283
0.56857,0.05408,0.03450,0.99097,0.99403,0.74816,0.35734,0.76220,0.14007,0.89307,0.75283
0.56957,0.05395,0.03442,0.99097,0.99403,0.74816,0.35692,0.75965,0.13971,0.89057,0.75283
0.57057,0.05383,0.03434,0.99097,0.99403,0.74816,0.35616,0.75883,0.13962,0.89057,0.75047
0.57157,0.05370,0.03426,0.99097,0.99403,0.74816,0.35616,0.75696,0.13750,0.89057,0.74953
0.57257,0.05358,0.03418,0.99097,0.99403,0.74816,0.35445,0.75501,0.13723,0.89057,0.74953
0.57357,0.05345,0.03410,0.99097,0.99403,0.73960,0.35200,0.75392,0.13292,0.89005,0.74860
0.57457,0.05333,0.03402,0.99097,0.99403,0.73960,0.35034,0.75220,0.13276,0.89005,0.74223
0.57558,0.05320,0.03394,0.99097,0.99403,0.73960,0.35005,0.75067,0.13245,0.89005,0.74223
0.57658,0.05308,0.03386,0.99097,0.99403,0.73874,0.34670,0.74937,0.13145,0.88953,0.74223
0.57758,0.05295,0.03378,0.99097,0.99403,0.73132,0.34536,0.74721,0.13145,0.88953,0.74223
0.57858,0.05283,0.03370,0.99097,0.99403,0.73132,0.34325,0.74510,0.13070,0.88953,0.74223
0.57958,0.05270,0.03362,0.99097,0.99403,0.73050,0.34116,0.74402,0.13060,0.88673,0.74223
0.58058,0.05257,0.03354,0.99097,0.99387,0.72887,0.34025,0.74211,0.12962,0.88584,0.74135
0.58158,0.05245,0.03346,0.99097,0.99379,0.72887,0.33882,0.74141,0.12935,0.88497,0.74047
0.58258,0.05232,0.03338,0.99097,0.99372,0.72887,0.33808,0.74041,0.12935,0.88348,0.74047
0.58358,0.05220,0.03330,0.99097,0.99372,0.72807,0.33732,0.73910,0.12754,0.88348,0.73960
0.58458,0.05207,0.03322,0.99012,0.99367,0.72648,0.33505,0.73755,0.12753,0.88162,0.73874
0.58559,0.05195,0.03314,0.99012,0.99367,0.72648,0.33396,0.73632,0.12745,0.87991,0.73874
0.58659,0.05182,0.03306,0.99012,0.99367,0.72648,0.33137,0.73469,0.12736,0.87991,0.73440
0.58759,0.05170,0.03298,0.99012,0.99358,0.72444,0.32958,0.73333,0.12523,0.87835,0.73440
0.58859,0.05157,0.03290,0.99012,0.99358,0.72444,0.32630,0.73215,0.12303,0.87835,0.73357
0.58959,0.05145,0.03282,0.99012,0.99358,0.72414,0.32287,0.73022,0.11981,0.87751,0.73357
0.59059,0.05132,0.03274,0.99012,0.99358,0.72414,0.32088,0.72908,0.11794,0.87680,0.73322
0.59159,0.05119,0.03266,0.99012,0.99358,0.71966,0.31822,0.72709,0.11598,0.87638,0.73322
0.59259,0.05107,0.03258,0.99012,0.99358,0.71966,0.31695,0.72588,0.11522,0.87638,0.73322
0.59359,0.05094,0.03250,0.99012,0.99358,0.71791,0.31423,0.72378,0.11220,0.87638,0.72855
0.59459,0.05082,0.03242,0.99012,0.99358,0.71791,0.31369,0.72173,0.11125,0.87569,0.72648
0.59560,0.05069,0.03234,0.99012,0.99341,0.71791,0.31265,0.71842,0.10982,0.87569,0.72648
0.59660,0.05057,0.03226,0.99012,0.99335,0.71791,0.31157,0.71664,0.10892,0.87500,0.72569
0.59760,0.05044,0.03218,0.99012,0.99335,0.71791,0.30929,0.71435,0.10793,0.87418,0.72491
0.59860,0.05032,0.03210,0.99012,0.99328,0.71717,0.30712,0.71107,0.10793,0.87255,0.72165
0.59960,0.05019,0.03202,0.99012,0.99328,0.71717,0.30476,0.70853,0.10792,0.87107,0.72165
0.60060,0.05007,0.03194,0.99012,0.99312,0.71692,0.30320,0.70647,0.10759,0.87107,0.71235
0.60160,0.04994,0.03186,0.99012,0.99305,0.71692,0.29936,0.70381,0.10743,0.87107,0.71164
0.60260,0.04981,0.03178,0.99012,0.99301,0.71692,0.29759,0.70188,0.10605,0.86760,0.71164
0.60360,0.04969,0.03170,0.99012,0.99301,0.71500,0.29636,0.69953,0.10605,0.86417,0.70854
0.60460,0.04956,0.03162,0.99012,0.99301,0.71192,0.29594,0.69784,0.10596,0.86417,0.70667
0.60561,0.04944,0.03154,0.99012,0.99301,0.71192,0.29493,0.69602,0.10596,0.86368,0.70667
0.60661,0.04931,0.03146,0.99012,0.99301,0.70473,0.29341,0.69423,0.10456,0.86368,0.70598
0.60761,0.04919,0.03138,0.99012,0.99297,0.70473,0.29225,0.69204,0.10456,0.86108,0.70181
0.60861,0.04906,0.03130,0.99012,0.99297,0.70292,0.29091,0.69008,0.09910,0.86076,0.69885
0.60961,0.04894,0.03122,0.99012,0.99297,0.70292,0.29038,0.68729,0.09491,0.86076,0.69885
0.61061,0.04881,0.03114,0.99012,0.99289,0.70000,0.28965,0.68442,0.09491,0.86076,0.69854
0.61161,0.04868,0.03106,0.99012,0.99276,0.70000,0.28835,0.68312,0.09273,0.86073,0.69854
0.61261,0.04856,0.03098,0.99012,0.99276,0.70000,0.28677,0.68114,0.08941,0.86073,0.69854
0.61361,0.04843,0.03090,0.99012,0.99276,0.70000,0.28655,0.67855,0.08354,0.86073,0.69854
0.61461,0.04831,0.03082,0.99012,0.99272,0.70000,0.28525,0.67631,0.08077,0.86073,0.69854
0.61562,0.04818,0.03074,0.99012,0.99272,0.70000,0.28420,0.67305,0.07962,0.85998,0.69854
0.61662,0.04806,0.03066,0.99012,0.99272,0.70000,0.28251,0.67081,0.07942,0.85923,0.69010
0.61762,0.04793,0.03058,0.99012,0.99272,0.70000,0.28098,0.66912,0.07921,0.85611,0.68513
0.61862,0.04781,0.03050,0.99012,0.99265,0.70000,0.27898,0.66733,0.07900,0.85611,0.67919
0.61962,0.04768,0.03042,0.99012,0.99252,0.70000,0.27854,0.66506,0.07880,0.85597,0.67919
0.62062,0.04756,0.03034,0.99012,0.99252,0.70000,0.27776,0.66167,0.07859,0.85597,0.67757
0.62162,0.04743,0.03026,0.99012,0.99252,0.69579,0.27719,0.65991,0.07838,0.85597,0.67647
0.62262,0.04730,0.03018,0.99012,0.99252,0.69579,0.27571,0.65809,0.07817,0.85597,0.67647
0.62362,0.04718,0.03010,0.99012,0.99246,0.69579,0.27455,0.65507,0.07797,0.85219,0.67647
0.62462,0.04705,0.03002,0.99012,0.99246,0.69579,0.27269,0.65315,0.07776,0.85219,0.67385
0.62563,0.04693,0.02994,0.99012,0.99240,0.69579,0.27130,0.65122,0.07755,0.85219,0.67385
0.62663,0.04680,0.02986,0.99012,0.99232,0.69579,0.26923,0.64769,0.07734,0.84990,0.67331
0.62763,0.04668,0.02978,0.99012,0.99227,0.69579,0.26651,0.64530,0.07714,0.84763,0.67278
0.62863,0.04655,0.02970,0.99012,0.99227,0.69505,0.26522,0.64330,0.07693,0.84763,0.67173
0.62963,0.04643,0.02962,0.99012,0.99221,0.69505,0.26183,0.63991,0.07672,0.84453,0.67173
0.63063,0.04630,0.02954,0.99012,0.99221,0.69505,0.26035,0.63704,0.07651,0.84216,0.67173
0.63163,0.04618,0.02946,0.99012,0.99206,0.69505,0.25811,0.63298,0.07631,0.84195,0.67171
0.63263,0.04605,0.02938,0.99012,0.99201,0.69172,0.25600,0.63071,0.07610,0.84195,0.67171
0.63363,0.04592,0.02930,0.99012,0.99201,0.69172,0.25570,0.62750,0.07589,0.84195,0.67171
0.63463,0.04580,0.02922,0.99012,0.99201,0.69172,0.25370,0.62481,0.07568,0.84158,0.67119
0.63564,0.04567,0.02914,0.99012,0.99197,0.68902,0.25113,0.62263,0.07548,0.84158,0.67119
0.63664,0.04555,0.02906,0.99012,0.99197,0.68778,0.24962,0.61879,0.07527,0.84091,0.66967
0.63764,0.04542,0.02898,0.99012,0.99197,0.68778,0.24916,0.61758,0.07506,0.83941,0.66419
0.63864,0.04530,0.02890,0.99012,0.99191,0.68778,0.24614,0.61526,0.07486,0.83906,0.66174
0.63964,0.04517,0.02882,0.99012,0.99191,0.68778,0.24333,0.61259,0.07465,0.83906,0.66174
0.64064,0.04505,0.02874,0.99012,0.99185,0.68778,0.24061,0.60996,0.07444,0.83839,0.65982
0.64164,0.04492,0.02866,0.99012,0.99185,0.68778,0.23763,0.60746,0.07423,0.83707,0.65982
0.64264,0.04480,0.02858,0.99012,0.99173,0.68657,0.23693,0.60496,0.07403,0.83592,0.65982
0.64364,0.04467,0.02850,0.99012,0.99173,0.68657,0.23485,0.60229,0.07382,0.83592,0.65743
0.64464,0.04454,0.02842,0.99012,0.99167,0.68657,0.23444,0.59872,0.07361,0.83527,0.65224
0.64565,0.04442,0.02834,0.99012,0.99167,0.68657,0.23153,0.59363,0.07340,0.83462,0.65224
0.64665,0.04429,0.02826,0.99012,0.99145,0.68657,0.22975,0.58924,0.07320,0.83333,0.64347
0.64765,0.04417,0.02818,0.99012,0.99145,0.68657,0.22902,0.58692,0.07299,0.83333,0.64316
0.64865,0.04404,0.02810,0.99012,0.99142,0.68601,0.22575,0.58318,0.07278,0.83333,0.64316
0.64965,0.04392,0.02801,0.99012,0.99142,0.68444,0.22497,0.58055,0.07257,0.83333,0.64316
0.65065,0.04379,0.02793,0.99012,0.99142,0.68444,0.22421,0.57701,0.07237,0.83333,0.64316
0.65165,0.04367,0.02785,0.99012,0.99142,0.68289,0.22370,0.57343,0.07216,0.83302,0.64276
0.65265,0.04354,0.02777,0.99012,0.99136,0.68282,0.22164,0.56924,0.07195,0.83302,0.64276
0.65365,0.04341,0.02769,0.99012,0.99131,0.68282,0.21984,0.56512,0.07175,0.83254,0.64146
0.65465,0.04329,0.02761,0.99012,0.99131,0.68282,0.21859,0.56283,0.07154,0.83254,0.64017
0.65566,0.04316,0.02753,0.99012,0.99131,0.68116,0.21778,0.56119,0.07133,0.83254,0.64017
0.65666,0.04304,0.02745,0.99012,0.99129,0.68116,0.21539,0.55737,0.07112,0.83254,0.63724
0.65766,0.04291,0.02737,0.99012,0.99129,0.68116,0.21407,0.55448,0.07092,0.83254,0.63724
0.65866,0.04279,0.02729,0.99012,0.99129,0.68116,0.21366,0.55229,0.07071,0.83254,0.63724
0.65966,0.04266,0.02721,0.99012,0.99129,0.68116,0.21167,0.54945,0.07050,0.83223,0.63724
0.66066,0.04254,0.02713,0.99012,0.99124,0.68116,0.20889,0.54700,0.07029,0.83223,0.63512
0.66166,0.04241,0.02705,0.99012,0.99124,0.68116,0.20667,0.54400,0.07009,0.83114,0.63351
0.66266,0.04229,0.02697,0.99012,0.99118,0.67479,0.20454,0.54008,0.06988,0.83114,0.63351
0.66366,0.04216,0.02689,0.99012,0.99118,0.67232,0.20175,0.53683,0.06967,0.83068,0.63351
0.66466,0.04203,0.02681,0.99012,0.99108,0.67232,0.20017,0.53351,0.06946,0.83068,0.63243
0.66567,0.04191,0.02673,0.99012,0.99108,0.67232,0.19917,0.52836,0.06926,0.82823,0.63243
0.66667,0.04178,0.02665,0.99012,0.99108,0.67232,0.19517,0.52469,0.06905,0.82823,0.63243
0.66767,0.04166,0.02657,0.99007,0.99108,0.67232,0.19348,0.52181,0.06884,0.82762,0.63243
0.66867,0.04153,0.02649,0.99007,0.99103,0.67232,0.19167,0.51933,0.06863,0.82657,0.63208
0.66967,0.04141,0.02641,0.99007,0.99103,0.67232,0.18971,0.51607,0.06843,0.82657,0.63208
0.67067,0.04128,0.02633,0.99007,0.99096,0.66994,0.18605,0.51204,0.06822,0.82477,0.63186
0.67167,0.04116,0.02625,0.99007,0.99090,0.66994,0.18521,0.50840,0.06801,0.82477,0.63186
0.67267,0.04103,0.02617,0.99007,0.99084,0.66760,0.18182,0.50514,0.06781,0.82477,0.63186
0.67367,0.04091,0.02609,0.99007,0.99071,0.66713,0.18052,0.50244,0.06760,0.82450,0.63186
0.67467,0.04078,0.02601,0.99007,0.99063,0.66574,0.17800,0.49943,0.06739,0.82450,0.62983
0.67568,0.04065,0.02593,0.99007,0.99061,0.66574,0.17606,0.49475,0.06718,0.82391,0.62983
0.67668,0.04053,0.02585,0.99007,0.99061,0.66436,0.17436,0.49235,0.06698,0.82140,0.62781
0.67768,0.04040,0.02577,0.99007,0.99061,0.65047,0.17374,0.48860,0.06677,0.82140,0.62748
0.67868,0.04028,0.02569,0.99007,0.99055,0.65047,0.17203,0.48516,0.06656,0.81785,0.61818
0.67968,0.04015,0.02561,0.99007,0.99055,0.65007,0.17011,0.48158,0.06635,0.81753,0.61818
0.68068,0.04003,0.02553,0.99007,0.99049,0.64879,0.16719,0.47585,0.06615,0.81753,0.61677
0.68168,0.03990,0.02545,0.99007,0.99046,0.64879,0.16501,0.47143,0.06594,0.81753,0.61677
0.68268,0.03978,0.02537,0.99007,0.99046,0.64753,0.16206,0.46630,0.06573,0.81753,0.61677
0.68368,0.03965,0.02529,0.99007,0.99046,0.64636,0.16036,0.46085,0.06552,0.81753,0.61647
0.68468,0.03953,0.02521,0.99007,0.99040,0.64636,0.15800,0.45611,0.06532,0.81729,0.61274
0.68569,0.03940,0.02513,0.99007,0.99019,0.64636,0.15553,0.45274,0.06511,0.81729,0.61274
0.68669,0.03927,0.02505,0.99007,0.99012,0.64636,0.15465,0.44861,0.06490,0.81673,0.61274
0.68769,0.03915,0.02497,0.99007,0.99003,0.64512,0.15194,0.44371,0.06469,0.81616,0.61245
0.68869,0.03902,0.02489,0.99007,0.99003,0.64512,0.15051,0.43942,0.06449,0.81233,0.60985
0.68969,0.03890,0.02481,0.99007,0.99003,0.64474,0.14892,0.43659,0.06428,0.81233,0.60985
0.69069,0.03877,0.02473,0.99007,0.99003,0.64146,0.14486,0.43298,0.06407,0.81179,0.60728
0.69169,0.03865,0.02465,0.99007,0.98991,0.64146,0.14238,0.42923,0.06387,0.81086,0.60674
0.69269,0.03852,0.02457,0.99007,0.98991,0.64146,0.14192,0.42309,0.06366,0.81086,0.60674
0.69369,0.03840,0.02449,0.99007,0.98977,0.64026,0.14145,0.41860,0.06345,0.80977,0.60674
0.69469,0.03827,0.02441,0.99007,0.98972,0.63660,0.14099,0.41309,0.06324,0.80952,0.60123
0.69570,0.03814,0.02433,0.99007,0.98966,0.63660,0.14053,0.40747,0.06304,0.80952,0.60123
0.69670,0.03802,0.02425,0.99007,0.98961,0.62000,0.14007,0.40185,0.06283,0.80952,0.60099
0.69770,0.03789,0.02417,0.99007,0.98961,0.62000,0.13961,0.39481,0.06262,0.80952,0.60074
0.69870,0.03777,0.02409,0.99007,0.98956,0.61663,0.13914,0.39031,0.06241,0.80952,0.60049
0.69970,0.03764,0.02401,0.99007,0.98949,0.61663,0.13868,0.38596,0.06221,0.80952,0.60049
0.70070,0.03752,0.02393,0.99007,0.98930,0.61350,0.13822,0.38117,0.06200,0.80776,0.59805
0.70170,0.03739,0.02385,0.99007,0.98930,0.61350,0.13776,0.37504,0.06179,0.80584,0.59709
0.70270,0.03727,0.02377,0.99007,0.98925,0.61350,0.13729,0.36952,0.06158,0.80479,0.59709
0.70370,0.03714,0.02369,0.99007,0.98920,0.61350,0.13683,0.36585,0.06138,0.80461,0.59255
0.70470,0.03702,0.02361,0.99007,0.98920,0.61098,0.13637,0.36196,0.06117,0.80461,0.57981
0.70571,0.03689,0.02353,0.99007,0.98899,0.60848,0.13591,0.35780,0.06096,0.80461,0.57981
0.70671,0.03676,0.02345,0.99007,0.98886,0.60848,0.13545,0.35294,0.06076,0.80357,0.57425
0.70771,0.03664,0.02337,0.99007,0.98883,0.60822,0.13498,0.34745,0.06055,0.80254,0.57143
0.70871,0.03651,0.02329,0.99007,0.98883,0.60723,0.13452,0.34065,0.06034,0.80254,0.56865
0.70971,0.03639,0.02321,0.99007,0.98876,0.60723,0.13406,0.33760,0.06013,0.80220,0.56865
0.71071,0.03626,0.02313,0.99007,0.98864,0.60697,0.13360,0.33382,0.05993,0.80034,0.56463
0.71171,0.03614,0.02305,0.99007,0.98859,0.60526,0.13313,0.32958,0.05972,0.79316,0.56433
0.71271,0.03601,0.02297,0.99007,0.98847,0.59717,0.13267,0.32398,0.05951,0.79022,0.56433
0.71371,0.03589,0.02289,0.99007,0.98847,0.59717,0.13221,0.31716,0.05930,0.78960,0.56433
0.71471,0.03576,0.02281,0.99007,0.98841,0.59555,0.13175,0.30993,0.05910,0.78960,0.56166
0.71572,0.03564,0.02273,0.99007,0.98829,0.59281,0.13129,0.30414,0.05889,0.78960,0.55531
0.71672,0.03551,0.02265,0.99007,0.98822,0.59281,0.13082,0.29655,0.05868,0.78525,0.55531
0.71772,0.03538,0.02257,0.99007,0.98810,0.59281,0.13036,0.29164,0.05847,0.78222,0.55336
0.71872,0.03526,0.02249,0.99007,0.98810,0.59281,0.12990,0.28749,0.05827,0.77581,0.55324
0.71972,0.03513,0.02241,0.99007,0.98810,0.57984,0.12944,0.28185,0.05806,0.77581,0.55324
0.72072,0.03501,0.02233,0.99007,0.98810,0.57984,0.12897,0.27809,0.05785,0.77412,0.55252
0.72172,0.03488,0.02225,0.99007,0.98810,0.57901,0.12851,0.27277,0.05764,0.77386,0.55240
0.72272,0.03476,0.02217,0.99007,0.98803,0.57818,0.12805,0.26765,0.05744,0.77342,0.55240
0.72372,0.03463,0.02209,0.99007,0.98791,0.57818,0.12759,0.26008,0.05723,0.77070,0.55169
0.72472,0.03451,0.02201,0.99007,0.98772,0.57159,0.12712,0.25502,0.05702,0.77045,0.54448
0.72573,0.03438,0.02193,0.99007,0.98753,0.56954,0.12666,0.24831,0.05682,0.77045,0.53354
0.72673,0.03426,0.02185,0.99007,0.98753,0.56954,0.12620,0.24167,0.05661,0.76577,0.53354
0.72773,0.03413,0.02177,0.99007,0.98749,0.56923,0.12574,0.23628,0.05640,0.76351,0.53292
0.72873,0.03400,0.02169,0.99007,0.98743,0.56923,0.12528,0.23155,0.05619,0.76351,0.53161
0.72973,0.03388,0.02161,0.99007,0.98732,0.56910,0.12481,0.22507,0.05599,0.76351,0.53161
0.73073,0.03375,0.02153,0.99007,0.98732,0.56910,0.12435,0.21952,0.05578,0.76109,0.53161
0.73173,0.03363,0.02145,0.99007,0.98720,0.56910,0.12389,0.21542,0.05557,0.76109,0.53161
0.73273,0.03350,0.02137,0.99007,0.98708,0.56910,0.12343,0.21002,0.05536,0.76068,0.53161
0.73373,0.03338,0.02129,0.99007,0.98702,0.56910,0.12296,0.20238,0.05516,0.75889,0.52556
0.73473,0.03325,0.02121,0.99007,0.98691,0.56910,0.12250,0.19700,0.05495,0.75889,0.51552
0.73574,0.03313,0.02113,0.99007,0.98671,0.56910,0.12204,0.19228,0.05474,0.75886,0.51446
0.73674,0.03300,0.02105,0.99007,0.98652,0.56771,0.12158,0.18668,0.05453,0.75886,0.51446
0.73774,0.03287,0.02097,0.99007,0.98642,0.56771,0.12112,0.18114,0.05433,0.75788,0.49664
0.73874,0.03275,0.02089,0.99007,0.98642,0.56210,0.12065,0.17721,0.05412,0.75632,0.49569
0.73974,0.03262,0.02081,0.99007,0.98616,0.55898,0.12019,0.17158,0.05391,0.75612,0.49569
0.74074,0.03250,0.02073,0.99007,0.98604,0.55898,0.11973,0.16471,0.05371,0.75515,0.49523
0.74174,0.03237,0.02065,0.99007,0.98591,0.55415,0.11927,0.15915,0.05350,0.75095,0.49478
0.74274,0.03225,0.02057,0.99007,0.98566,0.55230,0.11880,0.15315,0.05329,0.75000,0.49478
0.74374,0.03212,0.02049,0.99007,0.98566,0.55219,0.11834,0.15150,0.05308,0.74849,0.49478
0.74474,0.03200,0.02041,0.99007,0.98566,0.55219,0.11788,0.15091,0.05288,0.74812,0.49153
0.74575,0.03187,0.02033,0.99007,0.98566,0.55036,0.11742,0.15031,0.05267,0.74570,0.48250
0.74675,0.03175,0.02025,0.99007,0.98561,0.55026,0.11695,0.14972,0.05246,0.74405,0.48250
0.74775,0.03162,0.02017,0.99007,0.98555,0.55026,0.11649,0.14913,0.05225,0.74405,0.48250
0.74875,0.03149,0.02009,0.99007,0.98531,0.55016,0.11603,0.14854,0.05205,0.74313,0.48121
0.74975,0.03137,0.02001,0.99007,0.98531,0.54629,0.11557,0.14795,0.05184,0.74112,0.48121
0.75075,0.03124,0.01993,0.99007,0.98513,0.54629,0.11511,0.14736,0.05163,0.73951,0.48080
0.75175,0.03112,0.01985,0.99007,0.98501,0.54629,0.11464,0.14676,0.05142,0.73951,0.48044
0.75275,0.03099,0.01977,0.99007,0.98470,0.54629,0.11418,0.14617,0.05122,0.73754,0.48044
0.75375,0.03087,0.01969,0.99007,0.98466,0.54629,0.11372,0.14558,0.05101,0.73630,0.48044
0.75475,0.03074,0.01961,0.99007,0.98466,0.54629,0.11326,0.14499,0.05080,0.73596,0.47960
0.75576,0.03062,0.01953,0.99007,0.98448,0.54629,0.11279,0.14440,0.05059,0.73562,0.47420
0.75676,0.03049,0.01945,0.99007,0.98436,0.54619,0.11233,0.14381,0.05039,0.72753,0.47420
0.75776,0.03037,0.01937,0.99007,0.98422,0.54116,0.11187,0.14321,0.05018,0.72721,0.47420
0.75876,0.03024,0.01929,0.99007,0.98422,0.54116,0.11141,0.14262,0.04997,0.72708,0.47420
0.75976,0.03011,0.01921,0.99007,0.98416,0.52838,0.11095,0.14203,0.04977,0.72416,0.47420
0.76076,0.02999,0.01913,0.99007,0.98397,0.52473,0.11048,0.14144,0.04956,0.72384,0.47420
0.76176,0.02986,0.01905,0.99007,0.98381,0.52473,0.11002,0.14085,0.04935,0.72353,0.47382
0.76276,0.02974,0.01897,0.99007,0.98375,0.52115,0.10956,0.14025,0.04914,0.72187,0.47382
0.76376,0.02961,0.01889,0.99007,0.98371,0.51958,0.10910,0.13966,0.04894,0.71952,0.46971
0.76476,0.02949,0.01881,0.99007,0.98366,0.51958,0.10863,0.13907,0.04873,0.71820,0.46853
0.76577,0.02936,0.01873,0.99007,0.98356,0.51958,0.10817,0.13848,0.04852,0.71608,0.46253
0.76677,0.02924,0.01865,0.99007,0.98345,0.51905,0.10771,0.13789,0.04831,0.71578,0.46253
0.76777,0.02911,0.01857,0.99007,0.98328,0.51901,0.10725,0.13730,0.04811,0.71448,0.45794
0.76877,0.02899,0.01849,0.99007,0.98328,0.51901,0.10678,0.13670,0.04790,0.71240,0.45794
0.76977,0.02886,0.01841,0.99007,0.98324,0.51747,0.10632,0.13611,0.04769,0.70917,0.45794
0.77077,0.02873,0.01833,0.99007,0.98319,0.51747,0.10586,0.13552,0.04748,0.70790,0.45531
0.77177,0.02861,0.01825,0.99007,0.98308,0.51747,0.10540,0.13493,0.04728,0.70396,0.44822
0.77277,0.02848,0.01817,0.99007,0.98298,0.51404,0.10494,0.13434,0.04707,0.69515,0.44822
0.77377,0.02836,0.01809,0.99007,0.98292,0.51306,0.10447,0.13374,0.04686,0.69443,0.44646
0.77477,0.02823,0.01801,0.99007,0.98277,0.51161,0.10401,0.13315,0.04666,0.69437,0.44581
0.77578,0.02811,0.01793,0.99007,0.98271,0.51161,0.10355,0.13256,0.04645,0.69087,0.44336
0.77678,0.02798,0.01785,0.99007,0.98253,0.51111,0.10309,0.13197,0.04624,0.68379,0.44336
0.77778,0.02786,0.01777,0.99007,0.98236,0.50595,0.10262,0.13138,0.04603,0.68241,0.44273
0.77878,0.02773,0.01769,0.99007,0.98225,0.50595,0.10216,0.13079,0.04583,0.68039,0.44246
0.77978,0.02760,0.01761,0.99007,0.98194,0.50364,0.10170,0.13019,0.04562,0.67971,0.44246
0.78078,0.02748,0.01753,0.99007,0.98177,0.49865,0.10124,0.12960,0.04541,0.67529,0.44149
0.78178,0.02735,0.01745,0.99007,0.98176,0.49687,0.10078,0.12901,0.04520,0.66944,0.43492
0.78278,0.02723,0.01737,0.99007,0.98176,0.49687,0.10031,0.12842,0.04500,0.66603,0.43492
0.78378,0.02710,0.01729,0.99007,0.98160,0.49643,0.09985,0.12783,0.04479,0.66497,0.43171
0.78478,0.02698,0.01721,0.99007,0.98160,0.49424,0.09939,0.12723,0.04458,0.66308,0.43171
0.78579,0.02685,0.01713,0.99007,0.98131,0.49424,0.09893,0.12664,0.04437,0.66079,0.43013
0.78679,0.02673,0.01705,0.99007,0.98109,0.49164,0.09846,0.12605,0.04417,0.65832,0.43013
0.78779,0.02660,0.01697,0.99007,0.98090,0.48823,0.09800,0.12546,0.04396,0.65689,0.41660
0.78879,0.02648,0.01689,0.99007,0.98061,0.48698,0.09754,0.12487,0.04375,0.65588,0.41548
0.78979,0.02635,0.01681,0.99007,0.98051,0.48698,0.09708,0.12428,0.04354,0.64966,0.41548
0.79079,0.02622,0.01673,0.99007,0.98040,0.48451,0.09661,0.12368,0.04334,0.64966,0.41220
0.79179,0.02610,0.01665,0.99007,0.98035,0.48451,0.09615,0.12309,0.04313,0.64473,0.41142
0.79279,0.02597,0.01657,0.99007,0.98019,0.48451,0.09569,0.12250,0.04292,0.64438,0.41142
0.79379,0.02585,0.01649,0.99007,0.97976,0.48412,0.09523,0.12191,0.04272,0.64325,0.40849
0.79479,0.02572,0.01641,0.99007,0.97966,0.47881,0.09477,0.12132,0.04251,0.64325,0.40849
0.79580,0.02560,0.01633,0.99007,0.97951,0.47523,0.09430,0.12073,0.04230,0.64294,0.40849
0.79680,0.02547,0.01625,0.98918,0.97946,0.47523,0.09384,0.12013,0.04209,0.64294,0.40849
0.79780,0.02535,0.01617,0.98918,0.97930,0.46860,0.09338,0.11954,0.04189,0.64294,0.40625
0.79880,0.02522,0.01609,0.98918,0.97913,0.46330,0.09292,0.11895,0.04168,0.64029,0.40462
0.79980,0.02510,0.01601,0.98918,0.97910,0.46330,0.09245,0.11836,0.04147,0.63935,0.40462
0.80080,0.02497,0.01593,0.98918,0.97905,0.46298,0.09199,0.11777,0.04126,0.63728,0.40389
0.80180,0.02484,0.01585,0.98918,0.97895,0.46266,0.09153,0.11717,0.04106,0.63454,0.40114
0.80280,0.02472,0.01577,0.98918,0.97873,0.46266,0.09107,0.11658,0.04085,0.63454,0.40114
0.80380,0.02459,0.01569,0.98918,0.97870,0.45717,0.09061,0.11599,0.04064,0.63363,0.39929
0.80480,0.02447,0.01561,0.98918,0.97865,0.45687,0.09014,0.11540,0.04043,0.62814,0.39859
0.80581,0.02434,0.01553,0.98918,0.97849,0.45296,0.08968,0.11481,0.04023,0.62240,0.39761
0.80681,0.02422,0.01545,0.98918,0.97833,0.45296,0.08922,0.11422,0.04002,0.62240,0.39761
0.80781,0.02409,0.01537,0.98918,0.97798,0.45197,0.08876,0.11362,0.03981,0.61644,0.37759
0.80881,0.02397,0.01529,0.98918,0.97788,0.44617,0.08829,0.11303,0.03960,0.61212,0.37426
0.80981,0.02384,0.01521,0.98918,0.97779,0.44617,0.08783,0.11244,0.03940,0.61095,0.37426
0.81081,0.02372,0.01513,0.98918,0.97769,0.44617,0.08737,0.11185,0.03919,0.60593,0.37027
0.81181,0.02359,0.01505,0.98918,0.97741,0.44427,0.08691,0.11126,0.03898,0.60581,0.36805
0.81281,0.02346,0.01497,0.98918,0.97724,0.44427,0.08644,0.11066,0.03878,0.60333,0.36805
0.81381,0.02334,0.01489,0.98918,0.97672,0.44427,0.08598,0.11007,0.03857,0.59879,0.36468
0.81481,0.02321,0.01481,0.98918,0.97662,0.44419,0.08552,0.10948,0.03836,0.59704,0.36341
0.81582,0.02309,0.01473,0.98918,0.97621,0.44419,0.08506,0.10889,0.03815,0.59563,0.36341
0.81682,0.02296,0.01465,0.98918,0.97594,0.44419,0.08460,0.10830,0.03795,0.59091,0.36341
0.81782,0.02284,0.01457,0.98918,0.97581,0.44419,0.08413,0.10771,0.03774,0.59061,0.36220
0.81882,0.02271,0.01449,0.98918,0.97581,0.43991,0.08367,0.10711,0.03753,0.59061,0.35697
0.81982,0.02259,0.01441,0.98918,0.97572,0.43713,0.08321,0.10652,0.03732,0.58485,0.35697
0.82082,0.02246,0.01433,0.98918,0.97544,0.43713,0.08275,0.10593,0.03712,0.58227,0.35446
0.82182,0.02233,0.01425,0.98918,0.97523,0.43713,0.08228,0.10534,0.03691,0.57660,0.35446
0.82282,0.02221,0.01417,0.98918,0.97501,0.43527,0.08182,0.10475,0.03670,0.57486,0.35446
0.82382,0.02208,0.01409,0.98918,0.97455,0.43527,0.08136,0.10416,0.03649,0.57486,0.35201
0.82482,0.02196,0.01401,0.98918,0.97442,0.43343,0.08090,0.10356,0.03629,0.57486,0.35201
0.82583,0.02183,0.01393,0.98918,0.97407,0.42878,0.08044,0.10297,0.03608,0.57343,0.35155
0.82683,0.02171,0.01385,0.98918,0.97392,0.42868,0.07997,0.10238,0.03587,0.57343,0.35155
0.82783,0.02158,0.01377,0.98918,0.97378,0.42868,0.07951,0.10179,0.03567,0.57217,0.35152
0.82883,0.02146,0.01369,0.98918,0.97344,0.42868,0.07905,0.10120,0.03546,0.57202,0.34770
0.82983,0.02133,0.01361,0.98918,0.97316,0.42083,0.07859,0.10060,0.03525,0.57194,0.34770
0.83083,0.02121,0.01353,0.98918,0.97303,0.42083,0.07812,0.10001,0.03504,0.57187,0.34397
0.83183,0.02108,0.01345,0.98918,0.97300,0.42064,0.07766,0.09942,0.03484,0.56844,0.34153
0.83283,0.02095,0.01337,0.98918,0.97284,0.41956,0.07720,0.09883,0.03463,0.56844,0.34153
0.83383,0.02083,0.01329,0.98918,0.97252,0.40812,0.07674,0.09824,0.03442,0.56772,0.33970
0.83483,0.02070,0.01321,0.98918,0.97237,0.40812,0.07627,0.09765,0.03421,0.56679,0.33970
0.83584,0.02058,0.01313,0.98918,0.97192,0.39893,0.07581,0.09705,0.03401,0.56357,0.33970
0.83684,0.02045,0.01305,0.98918,0.97172,0.38043,0.07535,0.09646,0.03380,0.56034,0.33970
0.83784,0.02033,0.01297,0.98918,0.97151,0.38043,0.07489,0.09587,0.03359,0.55994,0.33970
0.83884,0.02020,0.01289,0.98918,0.97115,0.38010,0.07443,0.09528,0.03338,0.55994,0.33754
0.83984,0.02008,0.01281,0.98918,0.97107,0.37953,0.07396,0.09469,0.03318,0.55871,0.33754
0.84084,0.01995,0.01273,0.98918,0.97102,0.37953,0.07350,0.09409,0.03297,0.55754,0.33542
0.84184,0.01983,0.01265,0.98918,0.97053,0.37848,0.07304,0.09350,0.03276,0.55638,0.33504
0.84284,0.01970,0.01257,0.98918,0.97015,0.37298,0.07258,0.09291,0.03255,0.55463,0.33504
0.84384,0.01957,0.01249,0.98918,0.97000,0.37221,0.07211,0.09232,0.03235,0.54983,0.33503
0.84484,0.01945,0.01241,0.98918,0.96939,0.37221,0.07165,0.09173,0.03214,0.54983,0.32761
0.84585,0.01932,0.01233,0.98918,0.96908,0.36803,0.07119,0.09114,0.03193,0.54983,0.32548
0.84685,0.01920,0.01225,0.98918,0.96877,0.36775,0.07073,0.09054,0.03173,0.54920,0.32548
0.84785,0.01907,0.01217,0.98918,0.96868,0.36775,0.07027,0.08995,0.03152,0.54920,0.32548
0.84885,0.01895,0.01209,0.98918,0.96819,0.35979,0.06980,0.08936,0.03131,0.54910,0.32180
0.84985,0.01882,0.01201,0.98918,0.96749,0.35803,0.06934,0.08877,0.03110,0.54826,0.32180
0.85085,0.01870,0.01193,0.98918,0.96727,0.35757,0.06888,0.08818,0.03090,0.54559,0.31821
0.85185,0.01857,0.01185,0.98918,0.96673,0.35757,0.06842,0.08758,0.03069,0.54135,0.31604
0.85285,0.01845,0.01177,0.98767,0.96619,0.35522,0.06795,0.08699,0.03048,0.54131,0.31604
0.85385,0.01832,0.01169,0.98645,0.96566,0.35414,0.06749,0.08640,0.03027,0.54072,0.30433
0.85485,0.01819,0.01161,0.98645,0.96559,0.35414,0.06703,0.08581,0.03007,0.54068,0.30253
0.85586,0.01807,0.01153,0.98645,0.96522,0.35369,0.06657,0.08522,0.02986,0.54039,0.29866
0.85686,0.01794,0.01145,0.98645,0.96503,0.35345,0.06610,0.08463,0.02965,0.54035,0.29866
0.85786,0.01782,0.01137,0.98645,0.96483,0.35260,0.06564,0.08403,0.02944,0.53673,0.29679
0.85886,0.01769,0.01129,0.98645,0.96465,0.35260,0.06518,0.08344,0.02924,0.53520,0.28721
0.85986,0.01757,0.01121,0.98645,0.96429,0.35095,0.06472,0.08285,0.02903,0.53343,0.28721
0.86086,0.01744,0.01113,0.98645,0.96393,0.34074,0.06426,0.08226,0.02882,0.53309,0.28310
0.86186,0.01732,0.01105,0.98645,0.96369,0.34074,0.06379,0.08167,0.02862,0.53309,0.27555
0.86286,0.01719,0.01097,0.98645,0.96344,0.34074,0.06333,0.08108,0.02841,0.53060,0.27513
0.86386,0.01706,0.01089,0.98645,0.96314,0.33681,0.06287,0.08048,0.02820,0.52764,0.27513
0.86486,0.01694,0.01081,0.98645,0.96256,0.33351,0.06241,0.07989,0.02799,0.52737,0.27285
0.86587,0.01681,0.01073,0.98645,0.96159,0.33351,0.06194,0.07930,0.02779,0.52615,0.26728
0.86687,0.01669,0.01065,0.98645,0.96127,0.31336,0.06148,0.07871,0.02758,0.52467,0.26728
0.86787,0.01656,0.01057,0.98645,0.96106,0.31336,0.06102,0.07812,0.02737,0.51925,0.26469
0.86887,0.01644,0.01049,0.98645,0.96061,0.31336,0.06056,0.07752,0.02716,0.51304,0.25783
0.86987,0.01631,0.01041,0.98645,0.96025,0.31212,0.06010,0.07693,0.02696,0.51121,0.25783
0.87087,0.01619,0.01033,0.98645,0.95968,0.31028,0.05963,0.07634,0.02675,0.51120,0.25470
0.87187,0.01606,0.01025,0.98645,0.95900,0.30422,0.05917,0.07575,0.02654,0.51007,0.23821
0.87287,0.01594,0.01017,0.98525,0.95872,0.30422,0.05871,0.07516,0.02633,0.50850,0.23403
0.87387,0.01581,0.01009,0.98525,0.95803,0.30278,0.05825,0.07457,0.02613,0.50716,0.23403
0.87487,0.01568,0.01001,0.98525,0.95764,0.29889,0.05778,0.07397,0.02592,0.50628,0.23255
0.87588,0.01556,0.00993,0.98525,0.95713,0.29889,0.05732,0.07338,0.02571,0.49979,0.23222
0.87688,0.01543,0.00985,0.98525,0.95663,0.29587,0.05686,0.07279,0.02550,0.49830,0.23222
0.87788,0.01531,0.00977,0.98525,0.95657,0.29587,0.05640,0.07220,0.02530,0.49556,0.23175
0.87888,0.01518,0.00969,0.98525,0.95623,0.29481,0.05593,0.07161,0.02509,0.48494,0.23175
0.87988,0.01506,0.00961,0.98525,0.95601,0.29481,0.05547,0.07101,0.02488,0.48216,0.23175
0.88088,0.01493,0.00953,0.98525,0.95578,0.29376,0.05501,0.07042,0.02468,0.48041,0.23152
0.88188,0.01481,0.00945,0.98525,0.95506,0.29299,0.05455,0.06983,0.02447,0.47217,0.23094
0.88288,0.01468,0.00937,0.98525,0.95445,0.29299,0.05409,0.06924,0.02426,0.46293,0.22900
0.88388,0.01456,0.00928,0.98525,0.95387,0.29242,0.05362,0.06865,0.02405,0.46259,0.22900
0.88488,0.01443,0.00920,0.98525,0.95332,0.29242,0.05316,0.06806,0.02385,0.46193,0.22103
0.88589,0.01430,0.00912,0.98525,0.95246,0.29242,0.05270,0.06746,0.02364,0.45927,0.22037
0.88689,0.01418,0.00904,0.98525,0.95190,0.29006,0.05224,0.06687,0.02343,0.45055,0.22037
0.88789,0.01405,0.00896,0.98525,0.95147,0.28591,0.05177,0.06628,0.02322,0.45055,0.21944
0.88889,0.01393,0.00888,0.98525,0.95120,0.27866,0.05131,0.06569,0.02302,0.45055,0.21944
0.88989,0.01380,0.00880,0.98238,0.95066,0.27866,0.05085,0.06510,0.02281,0.45055,0.21944
0.89089,0.01368,0.00872,0.98119,0.94980,0.27836,0.05039,0.06451,0.02260,0.43884,0.21902
0.89189,0.01355,0.00864,0.98119,0.94911,0.27795,0.04993,0.06391,0.02239,0.43345,0.21853
0.89289,0.01343,0.00856,0.98119,0.94859,0.27795,0.04946,0.06332,0.02219,0.41496,0.21638
0.89389,0.01330,0.00848,0.98119,0.94784,0.27693,0.04900,0.06273,0.02198,0.41307,0.21638
0.89489,0.01318,0.00840,0.98119,0.94733,0.27616,0.04854,0.06214,0.02177,0.41185,0.21202
0.89590,0.01305,0.00832,0.98119,0.94636,0.27588,0.04808,0.06155,0.02156,0.40993,0.21202
0.89690,0.01292,0.00824,0.98119,0.94500,0.27588,0.04761,0.06095,0.02136,0.40221,0.21202
0.89790,0.01280,0.00816,0.98119,0.94411,0.27323,0.04715,0.06036,0.02115,0.39565,0.21178
0.89890,0.01267,0.00808,0.98119,0.94392,0.27308,0.04669,0.05977,0.02094,0.39559,0.21141
0.89990,0.01255,0.00800,0.98119,0.94288,0.27308,0.04623,0.05918,0.02074,0.39008,0.21141
0.90090,0.01242,0.00792,0.98119,0.94216,0.27269,0.04576,0.05859,0.02053,0.38751,0.21075
0.90190,0.01230,0.00784,0.98119,0.94175,0.26664,0.04530,0.05800,0.02032,0.38746,0.21074
0.90290,0.01217,0.00776,0.97845,0.94136,0.26172,0.04484,0.05740,0.02011,0.37920,0.21065
0.90390,0.01205,0.00768,0.97845,0.94027,0.26172,0.04438,0.05681,0.01991,0.36807,0.21065
0.90490,0.01192,0.00760,0.97845,0.93978,0.25948,0.04392,0.05622,0.01970,0.36328,0.19893
0.90591,0.01179,0.00752,0.97845,0.93870,0.25729,0.04345,0.05563,0.01949,0.36225,0.19624
0.90691,0.01167,0.00744,0.97708,0.93800,0.25729,0.04299,0.05504,0.01928,0.35826,0.19624
0.90791,0.01154,0.00736,0.97708,0.93729,0.25107,0.04253,0.05444,0.01908,0.35750,0.19624
0.90891,0.01142,0.00728,0.97436,0.93614,0.24619,0.04207,0.05385,0.01887,0.34974,0.19444
0.90991,0.01129,0.00720,0.97436,0.93519,0.24582,0.04160,0.05326,0.01866,0.34585,0.19444
0.91091,0.01117,0.00712,0.97301,0.93435,0.24582,0.04114,0.05267,0.01845,0.34042,0.19310
0.91191,0.01104,0.00704,0.97301,0.93380,0.24555,0.04068,0.05208,0.01825,0.33461,0.19143
0.91291,0.01092,0.00696,0.97030,0.93302,0.23764,0.04022,0.05149,0.01804,0.33018,0.18946
0.91391,0.01079,0.00688,0.96770,0.93193,0.23764,0.03976,0.05089,0.01783,0.32938,0.18946
0.91491,0.01067,0.00680,0.96770,0.93095,0.23705,0.03929,0.05030,0.01763,0.32269,0.18118
0.91592,0.01054,0.00672,0.96770,0.93022,0.23443,0.03883,0.04971,0.01742,0.32050,0.17720
0.91692,0.01041,0.00664,0.96770,0.92951,0.22313,0.03837,0.04912,0.01721,0.30635,0.17720
0.91792,0.01029,0.00656,0.96648,0.92883,0.22313,0.03791,0.04853,0.01700,0.30155,0.17650
0.91892,0.01016,0.00648,0.96648,0.92766,0.22024,0.03744,0.04794,0.01680,0.29463,0.17552
0.91992,0.01004,0.00640,0.96648,0.92616,0.21858,0.03698,0.04734,0.01659,0.28860,0.17552
0.92092,0.00991,0.00632,0.96648,0.92547,0.21858,0.03652,0.04675,0.01638,0.27844,0.17518
0.92192,0.00979,0.00624,0.96399,0.92420,0.21674,0.03606,0.04616,0.01617,0.27041,0.17488
0.92292,0.00966,0.00616,0.96399,0.92219,0.21475,0.03559,0.04557,0.01597,0.26127,0.17230
0.92392,0.00954,0.00608,0.96399,0.92149,0.21475,0.03513,0.04498,0.01576,0.24446,0.17230
0.92492,0.00941,0.00600,0.96399,0.92021,0.21475,0.03467,0.04438,0.01555,0.24412,0.16393
0.92593,0.00929,0.00592,0.96399,0.91966,0.21475,0.03421,0.04379,0.01534,0.23590,0.15260
0.92693,0.00916,0.00584,0.96271,0.91788,0.20828,0.03375,0.04320,0.01514,0.23055,0.15260
0.92793,0.00903,0.00576,0.96271,0.91710,0.20828,0.03328,0.04261,0.01493,0.22302,0.15222
0.92893,0.00891,0.00568,0.96149,0.91560,0.20308,0.03282,0.04202,0.01472,0.20987,0.15140
0.92993,0.00878,0.00560,0.96149,0.91454,0.20245,0.03236,0.04143,0.01451,0.20803,0.15140
0.93093,0.00866,0.00552,0.96022,0.91274,0.20245,0.03190,0.04083,0.01431,0.20450,0.14339
0.93193,0.00853,0.00544,0.96022,0.91151,0.20134,0.03143,0.04024,0.01410,0.19423,0.13844
0.93293,0.00841,0.00536,0.95634,0.91009,0.19715,0.03097,0.03965,0.01389,0.19357,0.13705
0.93393,0.00828,0.00528,0.95516,0.90855,0.18680,0.03051,0.03906,0.01369,0.18978,0.13705
0.93493,0.00816,0.00520,0.95516,0.90640,0.18680,0.03005,0.03847,0.01348,0.18100,0.13555
0.93594,0.00803,0.00512,0.95516,0.90506,0.18680,0.02959,0.03787,0.01327,0.17818,0.13333
0.93694,0.00791,0.00504,0.95393,0.90231,0.18329,0.02912,0.03728,0.01306,0.17557,0.13333
0.93794,0.00778,0.00496,0.95148,0.90061,0.18329,0.02866,0.03669,0.01286,0.16093,0.13075
0.93894,0.00765,0.00488,0.95148,0.89867,0.18329,0.02820,0.03610,0.01265,0.15955,0.12429
0.93994,0.00753,0.00480,0.95148,0.89624,0.17947,0.02774,0.03551,0.01244,0.15082,0.12429
0.94094,0.00740,0.00472,0.94772,0.89498,0.17154,0.02727,0.03492,0.01223,0.14020,0.11791
0.94194,0.00728,0.00464,0.94024,0.89365,0.17154,0.02681,0.03432,0.01203,0.13782,0.11354
0.94294,0.00715,0.00456,0.93167,0.89144,0.17083,0.02635,0.03373,0.01182,0.13544,0.11158
0.94394,0.00703,0.00448,0.93167,0.88892,0.16675,0.02589,0.03314,0.01161,0.13307,0.11158
0.94494,0.00690,0.00440,0.92932,0.88617,0.16675,0.02542,0.03255,0.01140,0.13069,0.10838
0.94595,0.00678,0.00432,0.91990,0.88227,0.16552,0.02496,0.03196,0.01120,0.12831,0.10589
0.94695,0.00665,0.00424,0.91990,0.87953,0.15974,0.02450,0.03136,0.01099,0.12594,0.10589
0.94795,0.00652,0.00416,0.91990,0.87689,0.15892,0.02404,0.03077,0.01078,0.12356,0.10108
0.94895,0.00640,0.00408,0.91881,0.87402,0.15892,0.02358,0.03018,0.01058,0.12119,0.09859
0.94995,0.00627,0.00400,0.91656,0.87034,0.14184,0.02311,0.02959,0.01037,0.11881,0.09859
0.95095,0.00615,0.00392,0.91315,0.86653,0.14022,0.02265,0.02900,0.01016,0.11643,0.09689
0.95195,0.00602,0.00384,0.91315,0.86370,0.14022,0.02219,0.02841,0.00995,0.11406,0.09582
0.95295,0.00590,0.00376,0.91210,0.86078,0.14017,0.02173,0.02781,0.00975,0.11168,0.08380
0.95395,0.00577,0.00368,0.90875,0.85695,0.13276,0.02126,0.02722,0.00954,0.10931,0.08380
0.95495,0.00565,0.00360,0.90428,0.85401,0.12206,0.02080,0.02663,0.00933,0.10693,0.08074
0.95596,0.00552,0.00352,0.90428,0.84890,0.12206,0.02034,0.02604,0.00912,0.10455,0.07748
0.95696,0.00540,0.00344,0.88452,0.84426,0.11016,0.01988,0.02545,0.00892,0.10218,0.07572
0.95796,0.00527,0.00336,0.88452,0.83743,0.09905,0.01942,0.02486,0.00871,0.09980,0.07396
0.95896,0.00514,0.00328,0.86141,0.83099,0.09905,0.01895,0.02426,0.00850,0.09742,0.07220
0.95996,0.00502,0.00320,0.86141,0.82515,0.09890,0.01849,0.02367,0.00829,0.09505,0.07044
0.96096,0.00489,0.00312,0.85748,0.82017,0.09890,0.01803,0.02308,0.00809,0.09267,0.06868
0.96196,0.00477,0.00304,0.85461,0.81334,0.09890,0.01757,0.02249,0.00788,0.09030,0.06692
0.96296,0.00464,0.00296,0.85377,0.80903,0.09724,0.01710,0.02190,0.00767,0.08792,0.06516
0.96396,0.00452,0.00288,0.85377,0.80124,0.09341,0.01664,0.02130,0.00746,0.08554,0.06340
0.96496,0.00439,0.00280,0.83622,0.79431,0.08037,0.01618,0.02071,0.00726,0.08317,0.06163
0.96597,0.00427,0.00272,0.83066,0.78291,0.07808,0.01572,0.02012,0.00705,0.08079,0.05987
0.96697,0.00414,0.00264,0.79280,0.77406,0.07578,0.01525,0.01953,0.00684,0.07841,0.05811
0.96797,0.00402,0.00256,0.79280,0.76260,0.07348,0.01479,0.01894,0.00664,0.07604,0.05635
0.96897,0.00389,0.00248,0.73387,0.74740,0.07119,0.01433,0.01835,0.00643,0.07366,0.05459
0.96997,0.00376,0.00240,0.72682,0.73411,0.06889,0.01387,0.01775,0.00622,0.07129,0.05283
0.97097,0.00364,0.00232,0.70192,0.72372,0.06660,0.01341,0.01716,0.00601,0.06891,0.05107
0.97197,0.00351,0.00224,0.70192,0.71436,0.06430,0.01294,0.01657,0.00581,0.06653,0.04931
0.97297,0.00339,0.00216,0.69289,0.69877,0.06200,0.01248,0.01598,0.00560,0.06416,0.04755
0.97397,0.00326,0.00208,0.67904,0.68029,0.05971,0.01202,0.01539,0.00539,0.06178,0.04579
0.97497,0.00314,0.00200,0.67125,0.66115,0.05741,0.01156,0.01479,0.00518,0.05941,0.04402
0.97598,0.00301,0.00192,0.67125,0.64345,0.05511,0.01109,0.01420,0.00498,0.05703,0.04226
0.97698,0.00289,0.00184,0.63167,0.62345,0.05282,0.01063,0.01361,0.00477,0.05465,0.04050
0.97798,0.00276,0.00176,0.57467,0.59044,0.05052,0.01017,0.01302,0.00456,0.05228,0.03874
0.97898,0.00264,0.00168,0.47029,0.57103,0.04822,0.00971,0.01243,0.00435,0.04990,0.03698
0.97998,0.00251,0.00160,0.47029,0.54410,0.04593,0.00925,0.01184,0.00415,0.04752,0.03522
0.98098,0.00238,0.00152,0.35916,0.51142,0.04363,0.00878,0.01124,0.00394,0.04515,0.03346
0.98198,0.00226,0.00144,0.34811,0.49809,0.04134,0.00832,0.01065,0.00373,0.04277,0.03170
0.98298,0.00213,0.00136,0.29643,0.47841,0.03904,0.00786,0.01006,0.00353,0.04040,0.02994
0.98398,0.00201,0.00128,0.29643,0.45469,0.03674,0.00740,0.00947,0.00332,0.03802,0.02818
0.98498,0.00188,0.00120,0.25614,0.42343,0.03445,0.00693,0.00888,0.00311,0.03564,0.02641
0.98599,0.00176,0.00112,0.24593,0.38089,0.03215,0.00647,0.00829,0.00290,0.03327,0.02465
0.98699,0.00163,0.00104,0.23565,0.35497,0.02985,0.00601,0.00769,0.00270,0.03089,0.02289
0.98799,0.00151,0.00096,0.21753,0.32387,0.02756,0.00555,0.00710,0.00249,0.02851,0.02113
0.98899,0.00138,0.00088,0.19940,0.29688,0.02526,0.00508,0.00651,0.00228,0.02614,0.01937
0.98999,0.00125,0.00080,0.18127,0.26989,0.02296,0.00462,0.00592,0.00207,0.02376,0.01761
0.99099,0.00113,0.00072,0.16314,0.24290,0.02067,0.00416,0.00533,0.00187,0.02139,0.01585
0.99199,0.00100,0.00064,0.14502,0.21591,0.01837,0.00370,0.00473,0.00166,0.01901,0.01409
0.99299,0.00088,0.00056,0.12689,0.18893,0.01607,0.00324,0.00414,0.00145,0.01663,0.01233
0.99399,0.00075,0.00048,0.10876,0.16194,0.01378,0.00277,0.00355,0.00124,0.01426,0.01057
0.99499,0.00063,0.00040,0.09064,0.13495,0.01148,0.00231,0.00296,0.00104,0.01188,0.00880
0.99600,0.00050,0.00032,0.07251,0.10796,0.00919,0.00185,0.00237,0.00083,0.00950,0.00704
0.99700,0.00038,0.00024,0.05438,0.08097,0.00689,0.00139,0.00178,0.00062,0.00713,0.00528
0.99800,0.00025,0.00016,0.03625,0.05398,0.00459,0.00092,0.00118,0.00041,0.00475,0.00352
0.99900,0.00013,0.00008,0.01813,0.02699,0.00230,0.00046,0.00059,0.00021,0.00238,0.00176
1.00000,0.00000,0.00000,0.00000,0.00000,0.00000,0.00000,0.00000,0.00000,0.00000,0.00000
