Recall,Precision_pedestrian,Precision_people,Precision_bicycle,Precision_car,Precision_van,Precision_truck,Precision_tricycle,Precision_awning-tricycle,Precision_bus,Precision_motor
0.00000,1.00000,1.00000,1.00000,1.00000,1.00000,1.00000,1.00000,1.00000,1.00000,1.00000
0.00100,1.00000,0.89286,1.00000,0.98944,1.00000,1.00000,1.00000,1.00000,1.00000,1.00000
0.00200,1.00000,0.89286,1.00000,0.98944,0.92308,1.00000,1.00000,0.80000,1.00000,1.00000
0.00300,1.00000,0.89286,0.93750,0.98944,0.92308,1.00000,1.00000,0.80000,1.00000,0.95522
0.00400,0.98324,0.89286,0.93750,0.98944,0.92308,1.00000,1.00000,0.80000,1.00000,0.95522
0.00501,0.98324,0.89286,0.93750,0.98944,0.92308,1.00000,1.00000,0.80000,1.00000,0.95522
0.00601,0.98324,0.89286,0.93750,0.98944,0.92308,1.00000,1.00000,0.80000,1.00000,0.95522
0.00701,0.98324,0.89286,0.93750,0.98944,0.92308,1.00000,0.90909,0.80000,1.00000,0.95522
0.00801,0.98324,0.89286,0.93750,0.98944,0.92308,1.00000,0.90909,0.77778,1.00000,0.95522
0.00901,0.98324,0.89286,0.93750,0.98944,0.92308,1.00000,0.90909,0.77778,1.00000,0.95522
0.01001,0.98324,0.89286,0.93750,0.98944,0.92308,1.00000,0.90909,0.77778,1.00000,0.95522
0.01101,0.98324,0.89286,0.93750,0.98944,0.92308,1.00000,0.90909,0.77778,1.00000,0.95522
0.01201,0.98324,0.89286,0.93333,0.98944,0.92308,1.00000,0.90909,0.77778,1.00000,0.95522
0.01301,0.98324,0.89286,0.93333,0.98944,0.92308,1.00000,0.90909,0.77778,1.00000,0.95522
0.01401,0.98324,0.89286,0.93333,0.98944,0.92308,1.00000,0.90909,0.77778,1.00000,0.94958
0.01502,0.98324,0.89286,0.93333,0.98944,0.92308,1.00000,0.90909,0.77778,1.00000,0.94958
0.01602,0.98324,0.89286,0.93333,0.98944,0.92308,1.00000,0.90909,0.77778,1.00000,0.94958
0.01702,0.98324,0.89286,0.93333,0.98944,0.92308,1.00000,0.90909,0.77778,1.00000,0.94958
0.01802,0.98324,0.89286,0.93333,0.98944,0.92308,1.00000,0.90909,0.77778,1.00000,0.94958
0.01902,0.98324,0.89286,0.93333,0.98944,0.92308,1.00000,0.90909,0.77778,1.00000,0.94958
0.02002,0.97967,0.89286,0.93333,0.98813,0.92308,1.00000,0.90909,0.77778,1.00000,0.94958
0.02102,0.97967,0.89286,0.93333,0.98813,0.92308,1.00000,0.90909,0.77778,1.00000,0.94958
0.02202,0.97967,0.89286,0.90909,0.98813,0.92308,0.94444,0.90909,0.77778,1.00000,0.94958
0.02302,0.97967,0.89286,0.90909,0.98813,0.92308,0.91045,0.90909,0.77778,1.00000,0.94958
0.02402,0.97967,0.89286,0.87805,0.98641,0.92308,0.91045,0.90909,0.77778,1.00000,0.93939
0.02503,0.97967,0.89286,0.87805,0.98641,0.92308,0.91045,0.90909,0.77778,1.00000,0.93939
0.02603,0.97967,0.89286,0.87805,0.98641,0.92308,0.91045,0.90909,0.77778,1.00000,0.93793
0.02703,0.97967,0.89286,0.87805,0.98641,0.92308,0.91045,0.90909,0.75000,1.00000,0.93793
0.02803,0.97799,0.89286,0.85714,0.98641,0.92308,0.91045,0.90909,0.75000,1.00000,0.93373
0.02903,0.97799,0.89286,0.85714,0.98641,0.92308,0.91045,0.85075,0.67742,1.00000,0.93373
0.03003,0.97799,0.89286,0.85714,0.98641,0.92308,0.91045,0.85075,0.67742,1.00000,0.93373
0.03103,0.97799,0.89286,0.85714,0.98641,0.92308,0.91045,0.85075,0.67742,1.00000,0.93373
0.03203,0.97799,0.89286,0.85714,0.98641,0.92308,0.91045,0.85075,0.67742,1.00000,0.93064
0.03303,0.97799,0.89286,0.83019,0.98641,0.92308,0.91045,0.85075,0.67742,1.00000,0.92778
0.03403,0.97799,0.89286,0.83019,0.98641,0.92308,0.91045,0.85075,0.67742,1.00000,0.92778
0.03504,0.97799,0.89286,0.79452,0.98641,0.92308,0.91045,0.85075,0.67742,1.00000,0.92271
0.03604,0.97772,0.89286,0.79452,0.98641,0.92308,0.91045,0.85075,0.67742,1.00000,0.92271
0.03704,0.97772,0.89286,0.79452,0.98507,0.92308,0.91045,0.85075,0.67742,1.00000,0.92271
0.03804,0.97772,0.89286,0.79452,0.98351,0.92308,0.91045,0.85075,0.67742,1.00000,0.92271
0.03904,0.97772,0.89286,0.79452,0.98351,0.92308,0.91045,0.85075,0.67742,1.00000,0.92271
0.04004,0.97656,0.89286,0.79452,0.98351,0.92308,0.91045,0.85075,0.61538,1.00000,0.92056
0.04104,0.97656,0.89286,0.79452,0.98351,0.92308,0.91045,0.85075,0.61538,1.00000,0.92000
0.04204,0.97656,0.89286,0.79452,0.98351,0.92308,0.91045,0.85075,0.61538,1.00000,0.92000
0.04304,0.97656,0.89286,0.79452,0.98351,0.92308,0.91045,0.85075,0.61538,1.00000,0.91398
0.04404,0.97656,0.89286,0.79452,0.98351,0.92308,0.91045,0.85075,0.61538,1.00000,0.91398
0.04505,0.97656,0.89286,0.79452,0.98351,0.92308,0.91045,0.85075,0.61538,1.00000,0.91398
0.04605,0.97656,0.89286,0.79012,0.98351,0.92308,0.91045,0.85075,0.59524,1.00000,0.91398
0.04705,0.97656,0.89286,0.79012,0.98300,0.92308,0.91045,0.85075,0.54167,1.00000,0.91398
0.04805,0.97656,0.89286,0.79012,0.98300,0.92308,0.91045,0.85075,0.54167,1.00000,0.91398
0.04905,0.97656,0.89286,0.79012,0.98300,0.91818,0.91045,0.85075,0.52941,1.00000,0.91398
0.05005,0.97656,0.89286,0.78313,0.98066,0.91818,0.91045,0.85075,0.52941,1.00000,0.91398
0.05105,0.97656,0.89286,0.77528,0.97951,0.91818,0.91045,0.85075,0.52381,1.00000,0.91398
0.05205,0.97656,0.89286,0.77528,0.97951,0.89744,0.91045,0.85075,0.52381,1.00000,0.91398
0.05305,0.97656,0.89286,0.77528,0.97951,0.89744,0.91045,0.85075,0.52381,1.00000,0.89796
0.05405,0.97656,0.89286,0.73684,0.97951,0.89600,0.91045,0.85075,0.52381,1.00000,0.89677
0.05506,0.97656,0.89286,0.72449,0.97878,0.89600,0.91045,0.84286,0.52381,1.00000,0.89677
0.05606,0.97656,0.89286,0.70000,0.97778,0.89600,0.91045,0.84286,0.52381,1.00000,0.89677
0.05706,0.97533,0.89286,0.70000,0.97735,0.89375,0.91045,0.82895,0.52381,1.00000,0.89540
0.05806,0.97533,0.89286,0.70000,0.97735,0.89375,0.91045,0.82895,0.52381,1.00000,0.89540
0.05906,0.97533,0.89286,0.70000,0.97685,0.89375,0.91045,0.82895,0.52381,1.00000,0.89540
0.06006,0.97533,0.89286,0.69565,0.97614,0.89375,0.91045,0.82895,0.52381,1.00000,0.89540
0.06106,0.97533,0.89286,0.69565,0.97614,0.89375,0.91045,0.82051,0.52381,1.00000,0.89540
0.06206,0.97533,0.89286,0.69565,0.97585,0.89375,0.91045,0.81707,0.52239,1.00000,0.89540
0.06306,0.97533,0.89286,0.68333,0.97585,0.89375,0.91045,0.81707,0.52239,1.00000,0.89540
0.06406,0.97533,0.89286,0.67742,0.97540,0.89375,0.91045,0.81707,0.52239,1.00000,0.89540
0.06507,0.97533,0.89286,0.67742,0.97540,0.89375,0.91045,0.81395,0.52239,1.00000,0.89540
0.06607,0.97533,0.89286,0.67669,0.97540,0.89375,0.91045,0.81395,0.50704,1.00000,0.89540
0.06707,0.97512,0.89286,0.67669,0.97540,0.89375,0.91045,0.80682,0.50704,1.00000,0.89540
0.06807,0.97512,0.89286,0.67669,0.97540,0.89375,0.91045,0.79787,0.50000,1.00000,0.89540
0.06907,0.97512,0.89286,0.67669,0.97540,0.89375,0.91045,0.79787,0.50000,1.00000,0.89540
0.07007,0.97512,0.89286,0.66667,0.97540,0.89375,0.91045,0.79787,0.50000,1.00000,0.89540
0.07107,0.97445,0.89286,0.66667,0.97540,0.89375,0.91045,0.79787,0.50000,1.00000,0.89540
0.07207,0.97445,0.89286,0.66667,0.97540,0.89375,0.91045,0.78351,0.50000,1.00000,0.89540
0.07307,0.97445,0.89286,0.66667,0.97540,0.89268,0.91045,0.77000,0.50000,1.00000,0.89540
0.07407,0.97445,0.89286,0.66667,0.97540,0.89268,0.91045,0.76991,0.50000,1.00000,0.89540
0.07508,0.97445,0.89286,0.66667,0.97540,0.89268,0.91045,0.76991,0.50000,1.00000,0.89540
0.07608,0.97445,0.89286,0.66667,0.97540,0.89268,0.91045,0.76991,0.47674,1.00000,0.89540
0.07708,0.97445,0.89286,0.66667,0.97540,0.89268,0.91045,0.76991,0.46667,1.00000,0.89540
0.07808,0.97445,0.89207,0.66447,0.97540,0.89268,0.91045,0.76991,0.46667,1.00000,0.89540
0.07908,0.97445,0.88821,0.66279,0.97540,0.89268,0.91045,0.76991,0.46316,1.00000,0.89540
0.08008,0.97445,0.88821,0.66279,0.97540,0.89268,0.91045,0.76991,0.46316,1.00000,0.89540
0.08108,0.97445,0.88821,0.66279,0.97540,0.89268,0.91045,0.76991,0.46316,1.00000,0.89540
0.08208,0.97445,0.88821,0.66279,0.97540,0.89268,0.89855,0.76991,0.46316,1.00000,0.89540
0.08308,0.97445,0.88821,0.66279,0.97540,0.89268,0.88889,0.76991,0.46000,1.00000,0.89540
0.08408,0.97445,0.88821,0.66279,0.97540,0.89268,0.88889,0.75410,0.46000,1.00000,0.89540
0.08509,0.97445,0.88821,0.66279,0.97540,0.89268,0.88889,0.75410,0.46000,1.00000,0.89540
0.08609,0.97445,0.88704,0.66279,0.97540,0.89268,0.87838,0.75410,0.46000,1.00000,0.89540
0.08709,0.97445,0.88704,0.66279,0.97540,0.89268,0.87611,0.75410,0.45192,1.00000,0.89540
0.08809,0.97445,0.88704,0.66279,0.97540,0.89268,0.87611,0.74400,0.45192,1.00000,0.89278
0.08909,0.97445,0.88704,0.66092,0.97540,0.89268,0.87611,0.72308,0.44954,1.00000,0.89205
0.09009,0.97445,0.88704,0.63736,0.97540,0.89268,0.87611,0.71357,0.44954,1.00000,0.89205
0.09109,0.97445,0.88704,0.62766,0.97540,0.89268,0.87611,0.71357,0.44954,1.00000,0.89205
0.09209,0.97445,0.88704,0.62632,0.97540,0.89268,0.87611,0.71357,0.44954,1.00000,0.89205
0.09309,0.97445,0.88704,0.62176,0.97540,0.89105,0.87611,0.71357,0.44828,1.00000,0.89205
0.09409,0.97445,0.88667,0.62000,0.97540,0.89105,0.87611,0.71357,0.44828,1.00000,0.89205
0.09510,0.97374,0.88667,0.62000,0.97540,0.89105,0.87611,0.71357,0.44828,1.00000,0.89205
0.09610,0.97374,0.88667,0.62000,0.97540,0.89105,0.87611,0.71357,0.44828,1.00000,0.89205
0.09710,0.97324,0.88667,0.61881,0.97540,0.89105,0.87611,0.71357,0.44828,1.00000,0.89199
0.09810,0.97324,0.88667,0.60476,0.97540,0.89105,0.87611,0.71357,0.43548,1.00000,0.89094
0.09910,0.97250,0.88667,0.60377,0.97540,0.89105,0.87611,0.71357,0.43548,1.00000,0.88707
0.10010,0.97165,0.88667,0.59447,0.97540,0.89105,0.87611,0.71357,0.43548,1.00000,0.88628
0.10110,0.97097,0.88667,0.59009,0.97540,0.89105,0.87611,0.71357,0.43548,1.00000,0.88612
0.10210,0.97097,0.88667,0.58929,0.97540,0.89105,0.87611,0.71357,0.42169,1.00000,0.88475
0.10310,0.97059,0.88667,0.58850,0.97540,0.89105,0.87611,0.71357,0.42169,1.00000,0.88245
0.10410,0.97059,0.88284,0.58750,0.97540,0.89105,0.87611,0.71357,0.42169,1.00000,0.88245
0.10511,0.97004,0.88169,0.58750,0.97540,0.89105,0.87611,0.71357,0.42169,1.00000,0.88245
0.10611,0.97004,0.88169,0.58750,0.97540,0.89105,0.87611,0.71357,0.42169,1.00000,0.88060
0.10711,0.96837,0.87700,0.58750,0.97540,0.89105,0.87611,0.71357,0.42169,1.00000,0.88060
0.10811,0.96667,0.87578,0.58750,0.97540,0.89105,0.87611,0.71357,0.42169,1.00000,0.88060
0.10911,0.96603,0.87578,0.58750,0.97540,0.89105,0.87611,0.71357,0.42169,1.00000,0.87928
0.11011,0.96545,0.87500,0.57959,0.97540,0.89105,0.87611,0.71357,0.42169,1.00000,0.87928
0.11111,0.96380,0.87309,0.56917,0.97540,0.89105,0.87611,0.71357,0.42169,1.00000,0.87758
0.11211,0.96379,0.87160,0.56202,0.97540,0.89105,0.87611,0.71357,0.42169,1.00000,0.87758
0.11311,0.96379,0.86885,0.55939,0.97526,0.89105,0.87611,0.71357,0.42169,1.00000,0.87678
0.11411,0.96379,0.86834,0.55147,0.97526,0.89105,0.87611,0.71357,0.42169,1.00000,0.87500
0.11512,0.96379,0.86676,0.55147,0.97479,0.89105,0.87611,0.71357,0.42169,1.00000,0.87253
0.11612,0.96379,0.86416,0.55147,0.97425,0.88994,0.87611,0.71357,0.42169,1.00000,0.87253
0.11712,0.96379,0.86351,0.54909,0.97425,0.88994,0.87611,0.71357,0.42169,1.00000,0.87253
0.11812,0.96259,0.86119,0.53103,0.97425,0.88994,0.87611,0.71357,0.42169,1.00000,0.87213
0.11912,0.96259,0.85933,0.53103,0.97374,0.88994,0.87611,0.71357,0.42169,1.00000,0.87213
0.12012,0.96216,0.85933,0.53082,0.97374,0.88994,0.87611,0.71357,0.42169,0.96923,0.87213
0.12112,0.96194,0.85931,0.52104,0.97374,0.88994,0.87611,0.71357,0.42169,0.96923,0.87213
0.12212,0.96194,0.85676,0.52104,0.97374,0.88994,0.87611,0.71357,0.42169,0.96923,0.87213
0.12312,0.96194,0.85676,0.52104,0.97374,0.88994,0.87611,0.71357,0.42169,0.96923,0.87213
0.12412,0.96194,0.85676,0.52104,0.97374,0.88994,0.87611,0.71357,0.42169,0.96923,0.87213
0.12513,0.96194,0.85676,0.52090,0.97374,0.88994,0.87611,0.71357,0.42169,0.96923,0.87055
0.12613,0.95960,0.85582,0.51911,0.97374,0.88994,0.87611,0.71357,0.42169,0.96923,0.86939
0.12713,0.95960,0.85455,0.51562,0.97374,0.88994,0.87611,0.71357,0.42169,0.96923,0.86939
0.12813,0.95960,0.85455,0.51562,0.97374,0.88994,0.87611,0.71357,0.42169,0.96923,0.86939
0.12913,0.95830,0.85366,0.50453,0.97374,0.88994,0.87611,0.71357,0.42169,0.96923,0.86939
0.13013,0.95799,0.85223,0.50000,0.97374,0.88994,0.87611,0.71357,0.42169,0.96923,0.86939
0.13113,0.95799,0.84887,0.50000,0.97374,0.88994,0.87611,0.71357,0.42169,0.96923,0.86856
0.13213,0.95609,0.84769,0.50000,0.97374,0.88994,0.87395,0.71357,0.41758,0.96923,0.86418
0.13313,0.95609,0.84691,0.50000,0.97374,0.88994,0.87395,0.71357,0.41758,0.96923,0.86412
0.13413,0.95609,0.84390,0.49157,0.97374,0.88994,0.87395,0.71357,0.41758,0.96923,0.86247
0.13514,0.95609,0.84204,0.49157,0.97374,0.88994,0.87395,0.71357,0.41758,0.96923,0.86247
0.13614,0.95609,0.84053,0.48087,0.97374,0.88994,0.87395,0.70792,0.41758,0.96923,0.86247
0.13714,0.95609,0.84010,0.47326,0.97359,0.88994,0.87395,0.70588,0.41758,0.96923,0.86247
0.13814,0.95609,0.83702,0.47230,0.97359,0.88994,0.87395,0.70404,0.41758,0.96923,0.86148
0.13914,0.95609,0.83702,0.46891,0.97348,0.88994,0.86822,0.70404,0.41758,0.96923,0.86148
0.14014,0.95609,0.83702,0.46891,0.97348,0.88994,0.86822,0.70404,0.41758,0.96923,0.86148
0.14114,0.95347,0.83622,0.46193,0.97348,0.88994,0.86822,0.70404,0.41758,0.96923,0.86148
0.14214,0.95184,0.83314,0.46059,0.97348,0.88994,0.86822,0.70404,0.41758,0.96923,0.86148
0.14314,0.95116,0.83240,0.46059,0.97348,0.88994,0.86822,0.70404,0.41622,0.96923,0.86148
0.14414,0.95111,0.83240,0.46059,0.97348,0.88923,0.86822,0.70404,0.41622,0.96923,0.86148
0.14515,0.95111,0.83240,0.46059,0.97348,0.88923,0.86822,0.70404,0.41546,0.96923,0.86128
0.14615,0.95033,0.82895,0.45024,0.97348,0.88923,0.86822,0.70404,0.41546,0.96923,0.86124
0.14715,0.94920,0.82895,0.45024,0.97348,0.88788,0.86822,0.70404,0.41546,0.96923,0.86124
0.14815,0.94823,0.82789,0.44731,0.97348,0.88788,0.86822,0.70404,0.41546,0.96923,0.86121
0.14915,0.94823,0.82670,0.44342,0.97348,0.88462,0.86822,0.70404,0.41546,0.96923,0.86068
0.15015,0.94823,0.82636,0.43919,0.97348,0.88462,0.86466,0.70404,0.41546,0.96923,0.85864
0.15115,0.94823,0.82636,0.43919,0.97348,0.88462,0.86466,0.70222,0.41546,0.96923,0.85648
0.15215,0.94722,0.82636,0.43653,0.97317,0.88218,0.86466,0.69528,0.41546,0.96923,0.85469
0.15315,0.94642,0.82636,0.42398,0.97317,0.88218,0.86466,0.69528,0.41546,0.96923,0.85393
0.15415,0.94602,0.82622,0.42283,0.97317,0.88218,0.85612,0.69528,0.41546,0.96923,0.85393
0.15516,0.94593,0.82402,0.42283,0.97317,0.88218,0.85612,0.68776,0.41546,0.96923,0.85393
0.15616,0.94593,0.82383,0.41962,0.97317,0.88102,0.85612,0.68619,0.41546,0.96923,0.85333
0.15716,0.94505,0.82383,0.40278,0.97317,0.88102,0.85612,0.67755,0.41546,0.96923,0.85333
0.15816,0.94474,0.82207,0.39535,0.97317,0.87958,0.85612,0.67755,0.41546,0.96923,0.85242
0.15916,0.94459,0.82207,0.38104,0.97317,0.87958,0.85211,0.67611,0.41546,0.96923,0.85153
0.16016,0.94448,0.82207,0.37276,0.97317,0.87958,0.85211,0.66798,0.41546,0.96923,0.84740
0.16116,0.94448,0.82207,0.37276,0.97317,0.87958,0.85211,0.66798,0.41546,0.96923,0.84582
0.16216,0.94383,0.82051,0.36602,0.97317,0.87958,0.84722,0.66667,0.39545,0.96923,0.84574
0.16316,0.94383,0.81907,0.36426,0.97317,0.87958,0.84247,0.66409,0.39545,0.96923,0.84519
0.16416,0.94358,0.81907,0.36426,0.97317,0.87958,0.84000,0.66409,0.39462,0.96923,0.84519
0.16517,0.94319,0.81521,0.36041,0.97317,0.87958,0.84000,0.66045,0.39462,0.96923,0.84519
0.16617,0.94291,0.81468,0.35314,0.97317,0.87958,0.84000,0.66045,0.38865,0.96923,0.84506
0.16717,0.93936,0.81468,0.34824,0.97317,0.87958,0.84000,0.66045,0.38865,0.96923,0.84506
0.16817,0.93821,0.81468,0.34824,0.97317,0.87958,0.83766,0.66045,0.38462,0.96923,0.84506
0.16917,0.93750,0.81332,0.34824,0.97317,0.87958,0.83766,0.66045,0.38462,0.96923,0.84506
0.17017,0.93665,0.81204,0.33283,0.97317,0.87824,0.83766,0.65468,0.38397,0.96923,0.84258
0.17117,0.93588,0.81204,0.33283,0.97317,0.87824,0.83766,0.65468,0.37652,0.96923,0.84205
0.17217,0.93570,0.81204,0.32743,0.97317,0.87755,0.82278,0.65468,0.37652,0.96923,0.84165
0.17317,0.93537,0.81204,0.32468,0.97317,0.87755,0.82278,0.65468,0.37652,0.96923,0.84165
0.17417,0.93486,0.80961,0.32468,0.97317,0.87755,0.82099,0.65371,0.37652,0.96923,0.84165
0.17518,0.93486,0.80755,0.32425,0.97317,0.87000,0.82099,0.65371,0.36434,0.96923,0.84165
0.17618,0.93465,0.80338,0.32017,0.97317,0.87000,0.82099,0.65371,0.36434,0.96923,0.84165
0.17718,0.93333,0.80000,0.30412,0.97317,0.86849,0.82099,0.64360,0.34657,0.96923,0.84165
0.17818,0.93325,0.79895,0.30343,0.97317,0.86308,0.81928,0.63087,0.34657,0.96923,0.84165
0.17918,0.93275,0.79723,0.29502,0.97317,0.86298,0.81928,0.63087,0.34657,0.96923,0.84165
0.18018,0.93275,0.79587,0.29330,0.97317,0.86298,0.81928,0.62706,0.34657,0.96923,0.84160
0.18118,0.93264,0.79082,0.29287,0.97317,0.86298,0.81928,0.62706,0.34507,0.96923,0.84076
0.18218,0.92927,0.78819,0.29207,0.97317,0.85919,0.81065,0.62617,0.34507,0.96923,0.83944
0.18318,0.92869,0.78530,0.29207,0.97317,0.85909,0.80000,0.62617,0.34507,0.96923,0.83817
0.18418,0.92821,0.78300,0.29207,0.97317,0.85909,0.80000,0.62617,0.34507,0.96923,0.83799
0.18519,0.92699,0.78254,0.29207,0.97317,0.85909,0.80000,0.62617,0.34247,0.96923,0.83487
0.18619,0.92636,0.78204,0.29207,0.97317,0.85909,0.80000,0.62617,0.34247,0.96923,0.83394
0.18719,0.92329,0.78003,0.29207,0.97317,0.85909,0.79661,0.62617,0.34247,0.96923,0.83394
0.18819,0.92168,0.77974,0.29207,0.97317,0.85909,0.79255,0.62617,0.33550,0.96923,0.83394
0.18919,0.92029,0.77974,0.28910,0.97317,0.85909,0.79255,0.62617,0.33550,0.96923,0.83348
0.19019,0.91917,0.77646,0.28756,0.97317,0.85909,0.79255,0.62617,0.33550,0.96923,0.83184
0.19119,0.91729,0.77646,0.28489,0.97317,0.85909,0.79255,0.62617,0.33550,0.96923,0.82951
0.19219,0.91729,0.77621,0.28118,0.97317,0.85078,0.79255,0.62617,0.33550,0.96923,0.82892
0.19319,0.91729,0.77621,0.27333,0.97317,0.85078,0.79255,0.62154,0.33550,0.96923,0.82880
0.19419,0.91729,0.77449,0.26882,0.97317,0.84052,0.79255,0.61890,0.33121,0.96923,0.82810
0.19520,0.91727,0.77018,0.26520,0.97317,0.84052,0.79255,0.61791,0.33121,0.96923,0.82526
0.19620,0.91727,0.76783,0.26520,0.97317,0.84052,0.79255,0.61791,0.33019,0.96923,0.82353
0.19720,0.91727,0.76783,0.26376,0.97317,0.84052,0.79255,0.61791,0.33019,0.96923,0.82353
0.19820,0.91727,0.76768,0.25886,0.97317,0.84009,0.79255,0.61357,0.32923,0.96923,0.82258
0.19920,0.91727,0.76768,0.25886,0.97317,0.84009,0.78061,0.60172,0.32923,0.96923,0.82194
0.20020,0.91671,0.76768,0.25886,0.97317,0.83721,0.78061,0.60172,0.32923,0.96923,0.81977
0.20120,0.91525,0.76672,0.25886,0.97317,0.83716,0.78061,0.59664,0.32733,0.96923,0.81977
0.20220,0.91522,0.76341,0.25886,0.97317,0.83716,0.78061,0.59664,0.32733,0.96923,0.81924
0.20320,0.91417,0.76073,0.25886,0.97317,0.83673,0.78061,0.59664,0.32733,0.96923,0.81891
0.20420,0.91309,0.76012,0.25886,0.97316,0.83673,0.77889,0.58953,0.32733,0.96923,0.81891
0.20521,0.91174,0.76012,0.25828,0.97316,0.83673,0.77889,0.58743,0.32641,0.96923,0.81891
0.20621,0.91120,0.75934,0.25825,0.97316,0.83673,0.77889,0.57761,0.32641,0.96923,0.81891
0.20721,0.91120,0.75803,0.25772,0.97316,0.83673,0.77612,0.57761,0.30163,0.96923,0.81891
0.20821,0.91120,0.75388,0.25670,0.97316,0.83468,0.77512,0.57761,0.30163,0.96923,0.81891
0.20921,0.91106,0.75087,0.25472,0.97316,0.83468,0.77512,0.57761,0.29815,0.96923,0.81855
0.21021,0.91043,0.74861,0.25254,0.97316,0.83300,0.77512,0.57761,0.29815,0.96923,0.81825
0.21121,0.90914,0.74535,0.25254,0.97316,0.83300,0.77512,0.57761,0.29815,0.96923,0.81825
0.21221,0.90905,0.74284,0.24932,0.97316,0.83168,0.77512,0.57761,0.29815,0.96923,0.81825
0.21321,0.90813,0.74253,0.24842,0.97316,0.83104,0.77512,0.57761,0.29231,0.96923,0.81754
0.21421,0.90670,0.74181,0.24490,0.97316,0.83008,0.77512,0.57761,0.29231,0.96923,0.81585
0.21522,0.90542,0.74181,0.24117,0.97316,0.82718,0.77512,0.57761,0.28894,0.96923,0.81487
0.21622,0.90364,0.74181,0.24117,0.97316,0.82510,0.77251,0.57761,0.28818,0.96923,0.81385
0.21722,0.90303,0.74125,0.24117,0.97316,0.82510,0.77251,0.57761,0.28818,0.96923,0.81317
0.21822,0.90303,0.74125,0.24079,0.97316,0.82510,0.77103,0.56683,0.28818,0.96923,0.81217
0.21922,0.90264,0.73947,0.23682,0.97316,0.82510,0.77103,0.56341,0.28818,0.96923,0.81203
0.22022,0.90227,0.73862,0.23588,0.97316,0.82386,0.76923,0.56341,0.27962,0.96923,0.81203
0.22122,0.90101,0.73862,0.23195,0.97316,0.82298,0.76923,0.55769,0.27962,0.96923,0.81171
0.22222,0.89895,0.73769,0.23022,0.97316,0.82210,0.76923,0.55213,0.27934,0.96923,0.81171
0.22322,0.89777,0.73414,0.23022,0.97316,0.81970,0.76923,0.54378,0.27934,0.96923,0.81171
0.22422,0.89707,0.73198,0.22918,0.97316,0.81734,0.76923,0.54378,0.27214,0.96923,0.81139
0.22523,0.89493,0.73198,0.22889,0.97244,0.81670,0.76923,0.54378,0.27214,0.96923,0.80956
0.22623,0.89290,0.73094,0.21988,0.97222,0.81670,0.76923,0.54233,0.27214,0.96923,0.80612
0.22723,0.89175,0.73058,0.21898,0.97203,0.81670,0.76106,0.54000,0.27214,0.96923,0.80217
0.22823,0.89094,0.72960,0.21643,0.97155,0.81588,0.76106,0.54000,0.27214,0.96923,0.80172
0.22923,0.89089,0.72761,0.21418,0.97155,0.81583,0.76106,0.54000,0.27214,0.96923,0.80086
0.23023,0.88802,0.72761,0.21336,0.97155,0.81583,0.75758,0.54000,0.27214,0.96923,0.79972
0.23123,0.88692,0.72761,0.21292,0.97155,0.81583,0.75758,0.54000,0.27214,0.96923,0.79775
0.23223,0.88534,0.72401,0.21292,0.97155,0.81583,0.75758,0.54000,0.27214,0.96923,0.79775
0.23323,0.88238,0.72185,0.21152,0.97155,0.81583,0.75758,0.53982,0.27214,0.96923,0.79750
0.23423,0.88095,0.71830,0.20972,0.97155,0.81583,0.75000,0.53846,0.27214,0.96923,0.79750
0.23524,0.87992,0.71361,0.20954,0.97155,0.81583,0.75000,0.53448,0.27214,0.96923,0.79750
0.23624,0.87710,0.71185,0.20306,0.97155,0.81583,0.74689,0.53448,0.27214,0.96923,0.79712
0.23724,0.87568,0.71045,0.20292,0.97155,0.81583,0.74689,0.53448,0.27176,0.96923,0.79712
0.23824,0.87396,0.70497,0.20078,0.97155,0.81583,0.74689,0.53319,0.27176,0.96923,0.79685
0.23924,0.87207,0.70356,0.20078,0.97155,0.81583,0.74689,0.53138,0.27176,0.96923,0.79660
0.24024,0.87060,0.70272,0.20052,0.97155,0.81538,0.74486,0.53138,0.27176,0.96923,0.79607
0.24124,0.86930,0.70272,0.19848,0.97155,0.81538,0.74486,0.53138,0.27101,0.96923,0.79396
0.24224,0.86726,0.70209,0.19848,0.97155,0.81049,0.74089,0.53138,0.27101,0.96923,0.79388
0.24324,0.86535,0.70056,0.19811,0.97155,0.80976,0.74089,0.53015,0.26971,0.96923,0.79388
0.24424,0.86192,0.70000,0.19811,0.97155,0.80936,0.73896,0.52893,0.26971,0.96923,0.79388
0.24525,0.86077,0.69734,0.19713,0.97155,0.80395,0.73896,0.52546,0.26955,0.96923,0.79276
0.24625,0.85968,0.69702,0.19604,0.97155,0.80395,0.73413,0.52546,0.26939,0.96923,0.79276
0.24725,0.85832,0.69627,0.19380,0.97155,0.80164,0.73228,0.52429,0.26939,0.96923,0.79202
0.24825,0.85514,0.69466,0.19231,0.97155,0.79773,0.72243,0.51889,0.26707,0.96923,0.79194
0.24925,0.85300,0.69268,0.19019,0.97155,0.79773,0.72243,0.51889,0.26707,0.96923,0.79194
0.25025,0.85165,0.69243,0.18965,0.97155,0.79615,0.72243,0.51677,0.26640,0.96923,0.79107
0.25125,0.85011,0.69243,0.18965,0.97155,0.79520,0.72243,0.51663,0.26640,0.96296,0.78870
0.25225,0.84970,0.68757,0.18965,0.97155,0.79332,0.72243,0.51663,0.26575,0.96296,0.78786
0.25325,0.84726,0.68730,0.18965,0.97155,0.79305,0.72243,0.51657,0.26575,0.96296,0.78717
0.25425,0.84644,0.68648,0.18800,0.97155,0.79251,0.70480,0.51451,0.26562,0.96296,0.78549
0.25526,0.84443,0.68498,0.18800,0.97155,0.79251,0.70073,0.51445,0.26562,0.96296,0.78491
0.25626,0.84281,0.68154,0.18771,0.97155,0.79251,0.69534,0.51402,0.26476,0.96296,0.78438
0.25726,0.84003,0.67850,0.18599,0.97155,0.79102,0.69534,0.51402,0.26476,0.96296,0.78367
0.25826,0.83828,0.67568,0.18093,0.97155,0.79102,0.69534,0.51402,0.26476,0.96296,0.78135
0.25926,0.83778,0.67496,0.18093,0.97155,0.79045,0.68662,0.51402,0.26476,0.96296,0.78044
0.26026,0.83563,0.67272,0.17972,0.97155,0.78746,0.65552,0.51402,0.26476,0.96296,0.78016
0.26126,0.82832,0.67082,0.17389,0.97155,0.78419,0.65552,0.51402,0.26476,0.96296,0.77832
0.26226,0.82698,0.67082,0.17140,0.97155,0.78130,0.64706,0.51402,0.26365,0.96296,0.77791
0.26326,0.82332,0.66997,0.17113,0.97155,0.77649,0.64706,0.51397,0.25872,0.96296,0.77684
0.26426,0.82157,0.66930,0.16840,0.97155,0.77649,0.64610,0.51201,0.25872,0.96296,0.77365
0.26527,0.81897,0.66929,0.16773,0.97155,0.77649,0.64610,0.51197,0.25859,0.96296,0.77202
0.26627,0.81828,0.66716,0.16683,0.97155,0.77649,0.64309,0.50090,0.25859,0.96296,0.77146
0.26727,0.81755,0.66521,0.16651,0.97155,0.77649,0.64263,0.50089,0.25859,0.96296,0.77032
0.26827,0.81434,0.66202,0.16651,0.97155,0.77649,0.64263,0.50089,0.25859,0.96296,0.76977
0.26927,0.81158,0.66046,0.16453,0.97155,0.77649,0.64263,0.49823,0.25623,0.96296,0.76919
0.27027,0.81002,0.65875,0.16377,0.97153,0.77649,0.64263,0.49138,0.25623,0.96296,0.76919
0.27127,0.80794,0.65428,0.16288,0.97153,0.77569,0.64263,0.49138,0.25213,0.96296,0.76848
0.27227,0.80731,0.65234,0.16288,0.97153,0.77554,0.64263,0.49138,0.25213,0.96296,0.76848
0.27327,0.80714,0.64706,0.16117,0.97153,0.77396,0.64263,0.49060,0.25213,0.96296,0.76748
0.27427,0.80631,0.64706,0.15908,0.97136,0.77318,0.64000,0.49060,0.25213,0.96296,0.76748
0.27528,0.80376,0.64269,0.15773,0.97129,0.77163,0.64000,0.47525,0.25213,0.96296,0.76748
0.27628,0.80184,0.63928,0.15773,0.97129,0.76999,0.64000,0.46850,0.25213,0.96296,0.76748
0.27728,0.80059,0.63482,0.15044,0.97112,0.76999,0.64000,0.46850,0.25213,0.96296,0.76567
0.27828,0.79857,0.63354,0.15035,0.97079,0.76955,0.63333,0.45625,0.24958,0.96296,0.76543
0.27928,0.79806,0.63323,0.15035,0.97079,0.76880,0.63063,0.45625,0.24958,0.96296,0.76513
0.28028,0.79621,0.63209,0.15035,0.97079,0.76712,0.62908,0.45161,0.24590,0.96296,0.76408
0.28128,0.79565,0.63151,0.14810,0.97079,0.76712,0.62908,0.45161,0.24590,0.96296,0.75925
0.28228,0.79497,0.63078,0.14755,0.97079,0.76712,0.62908,0.44901,0.24355,0.96296,0.75824
0.28328,0.79229,0.63026,0.14730,0.97079,0.76712,0.62757,0.44864,0.24355,0.96296,0.75724
0.28428,0.79038,0.62937,0.14658,0.97079,0.76662,0.62757,0.44279,0.24051,0.96296,0.75649
0.28529,0.78875,0.62575,0.14557,0.97079,0.76662,0.62757,0.44165,0.24051,0.96296,0.75649
0.28629,0.78720,0.62511,0.14510,0.97072,0.76590,0.62428,0.44118,0.23758,0.96296,0.75648
0.28729,0.78499,0.62362,0.14313,0.97072,0.76550,0.62428,0.43942,0.23758,0.96296,0.75510
0.28829,0.78365,0.62247,0.14112,0.97072,0.76510,0.60955,0.43516,0.23440,0.96296,0.75469
0.28929,0.78134,0.62076,0.14068,0.97072,0.76424,0.60955,0.43410,0.23440,0.96296,0.75319
0.29029,0.77865,0.62042,0.14068,0.97072,0.76424,0.60894,0.43367,0.23111,0.96296,0.75225
0.29129,0.77574,0.61992,0.14068,0.97072,0.76424,0.60833,0.43324,0.23111,0.96296,0.75225
0.29229,0.77432,0.61814,0.14068,0.97072,0.75754,0.60434,0.43239,0.23111,0.96296,0.74974
0.29329,0.77239,0.61686,0.14068,0.97072,0.75619,0.60434,0.43239,0.22999,0.96296,0.74948
0.29429,0.76944,0.61680,0.14028,0.97072,0.75584,0.60434,0.43137,0.22999,0.96296,0.74909
0.29530,0.76853,0.61670,0.14028,0.97072,0.75000,0.60434,0.42798,0.22999,0.96296,0.74741
0.29630,0.76746,0.61183,0.13988,0.97072,0.74968,0.60434,0.42524,0.22999,0.96296,0.74691
0.29730,0.76704,0.60936,0.13988,0.97072,0.74904,0.60434,0.42507,0.22893,0.96296,0.74615
0.29830,0.76604,0.60690,0.13724,0.97072,0.74589,0.59737,0.42507,0.22893,0.96296,0.74350
0.29930,0.76377,0.60585,0.13531,0.97072,0.74097,0.59737,0.41645,0.22893,0.96296,0.74264
0.30030,0.76285,0.60203,0.13531,0.97072,0.74097,0.59737,0.41645,0.22893,0.96296,0.74197
0.30130,0.76078,0.59977,0.13477,0.97072,0.73886,0.59737,0.41634,0.22893,0.96296,0.74197
0.30230,0.75815,0.59769,0.13363,0.97072,0.73859,0.59737,0.41634,0.22893,0.96296,0.74197
0.30330,0.75527,0.59701,0.13363,0.97072,0.73844,0.59530,0.41492,0.22893,0.96296,0.73989
0.30430,0.75434,0.59519,0.13327,0.97072,0.73844,0.59021,0.41085,0.22893,0.96296,0.73760
0.30531,0.75132,0.59244,0.13327,0.97072,0.73844,0.59021,0.40816,0.22893,0.96296,0.73583
0.30631,0.75048,0.59045,0.13061,0.97072,0.73844,0.58824,0.40377,0.22893,0.96296,0.73576
0.30731,0.74931,0.58528,0.13061,0.97072,0.73844,0.58779,0.40250,0.22652,0.96296,0.73571
0.30831,0.74699,0.57806,0.13046,0.97072,0.73551,0.58621,0.40124,0.22061,0.96296,0.73548
0.30931,0.74557,0.57453,0.12846,0.97072,0.73526,0.58621,0.40000,0.22061,0.96296,0.73272
0.31031,0.74371,0.57230,0.12795,0.97072,0.73421,0.58621,0.39877,0.22061,0.96296,0.73253
0.31131,0.74179,0.57082,0.12795,0.97072,0.73421,0.58621,0.39805,0.22061,0.93750,0.73221
0.31231,0.73917,0.57036,0.12457,0.97072,0.73365,0.58621,0.39493,0.22061,0.93750,0.73027
0.31331,0.73716,0.56986,0.12254,0.97072,0.73168,0.58621,0.39471,0.22061,0.93750,0.72978
0.31431,0.73630,0.56741,0.12203,0.97072,0.73072,0.58621,0.39448,0.21511,0.93750,0.72917
0.31532,0.73152,0.56702,0.12203,0.97072,0.73072,0.58621,0.39427,0.21511,0.93750,0.72826
0.31632,0.73095,0.56476,0.12183,0.97072,0.73072,0.58621,0.39383,0.21365,0.93750,0.72787
0.31732,0.72918,0.56007,0.12183,0.97072,0.73072,0.58621,0.39383,0.21365,0.93750,0.72787
0.31832,0.72847,0.55719,0.12171,0.97072,0.73072,0.58435,0.39340,0.20778,0.93750,0.72660
0.31932,0.72779,0.55661,0.12171,0.97072,0.73072,0.58072,0.39340,0.20778,0.93750,0.72638
0.32032,0.72536,0.55101,0.11965,0.97072,0.73072,0.58072,0.38761,0.20778,0.93750,0.72479
0.32132,0.72267,0.54681,0.11965,0.97072,0.73072,0.58072,0.38761,0.20778,0.93750,0.72376
0.32232,0.72068,0.54339,0.11956,0.97072,0.72551,0.58034,0.38761,0.20070,0.93750,0.72306
0.32332,0.71769,0.54165,0.11465,0.97072,0.72266,0.57720,0.38761,0.19752,0.93750,0.72245
0.32432,0.71614,0.54046,0.11374,0.97072,0.72266,0.57412,0.38743,0.19752,0.93750,0.72051
0.32533,0.71468,0.53946,0.11355,0.97072,0.71987,0.57412,0.38245,0.19752,0.93750,0.72043
0.32633,0.71319,0.53639,0.11320,0.97072,0.71987,0.57343,0.37901,0.19752,0.93750,0.72027
0.32733,0.71218,0.53236,0.11320,0.97072,0.71650,0.57343,0.37901,0.19752,0.93750,0.71975
0.32833,0.71107,0.53075,0.11277,0.97045,0.71007,0.56009,0.37310,0.19752,0.93750,0.71909
0.32933,0.70932,0.52734,0.11277,0.97027,0.70595,0.56009,0.36977,0.19089,0.93750,0.71779
0.33033,0.70570,0.52480,0.11166,0.96934,0.70595,0.55357,0.36966,0.19089,0.93750,0.71733
0.33133,0.70396,0.52034,0.11077,0.96932,0.70569,0.55088,0.36915,0.18553,0.93750,0.71637
0.33233,0.70251,0.51980,0.11077,0.96932,0.70569,0.54825,0.36892,0.18553,0.93750,0.71385
0.33333,0.69882,0.51866,0.11077,0.96932,0.70557,0.54565,0.36892,0.18256,0.93750,0.71385
0.33433,0.69691,0.51703,0.11074,0.96932,0.70426,0.54565,0.36534,0.18256,0.93750,0.71260
0.33534,0.69443,0.51544,0.11063,0.96919,0.70308,0.54077,0.36477,0.18191,0.93750,0.71137
0.33634,0.69433,0.51249,0.10979,0.96910,0.70222,0.53797,0.36477,0.18191,0.93750,0.71096
0.33734,0.69122,0.50987,0.10848,0.96896,0.69552,0.53797,0.36280,0.17974,0.93750,0.70914
0.33834,0.68828,0.50702,0.10848,0.96875,0.69543,0.53797,0.36136,0.17974,0.93750,0.70774
0.33934,0.68711,0.50493,0.10798,0.96875,0.69175,0.53797,0.36136,0.17974,0.93750,0.70626
0.34034,0.68409,0.50274,0.10771,0.96867,0.68496,0.53782,0.36136,0.17579,0.93750,0.70474
0.34134,0.68202,0.49843,0.10771,0.96867,0.68490,0.53766,0.36136,0.17579,0.93750,0.70350
0.34234,0.67908,0.49605,0.10771,0.96867,0.68315,0.53766,0.36136,0.17579,0.93750,0.70176
0.34334,0.67639,0.49217,0.10771,0.96867,0.68310,0.53638,0.36136,0.17579,0.93750,0.70075
0.34434,0.67449,0.48962,0.10751,0.96867,0.68168,0.53512,0.36136,0.17498,0.93750,0.69979
0.34535,0.67276,0.48882,0.10742,0.96867,0.67857,0.53170,0.36136,0.17498,0.93750,0.69925
0.34635,0.67090,0.48592,0.10742,0.96867,0.67822,0.53170,0.36048,0.17498,0.93750,0.69913
0.34735,0.67045,0.48318,0.10662,0.96867,0.67485,0.53157,0.36048,0.17498,0.93750,0.69704
0.34835,0.66811,0.47936,0.10582,0.96867,0.67253,0.53036,0.35638,0.17498,0.93750,0.69572
0.34935,0.66739,0.47824,0.10494,0.96867,0.67121,0.52485,0.35638,0.17498,0.93750,0.69572
0.35035,0.66488,0.47818,0.10362,0.96867,0.66603,0.52485,0.34948,0.17495,0.93750,0.69396
0.35135,0.66262,0.47470,0.10240,0.96867,0.66285,0.52485,0.34948,0.17495,0.93750,0.69293
0.35235,0.66150,0.46998,0.10230,0.96851,0.66255,0.52475,0.34641,0.17495,0.93750,0.69293
0.35335,0.66019,0.46943,0.10057,0.96851,0.66226,0.52259,0.34641,0.17495,0.93750,0.69246
0.35435,0.65813,0.46674,0.09952,0.96851,0.66226,0.52259,0.34641,0.17495,0.93750,0.69197
0.35536,0.65370,0.46432,0.09952,0.96851,0.66226,0.51737,0.34626,0.17495,0.93750,0.69133
0.35636,0.65218,0.46173,0.09899,0.96851,0.65918,0.51737,0.34626,0.17495,0.93750,0.69000
0.35736,0.64955,0.45618,0.09884,0.96841,0.65736,0.51631,0.34626,0.17285,0.93750,0.68804
0.35836,0.64747,0.45336,0.09868,0.96809,0.65680,0.51631,0.34626,0.17285,0.93750,0.68748
0.35936,0.64430,0.45020,0.09868,0.96809,0.65680,0.50943,0.34239,0.17189,0.92929,0.68701
0.36036,0.64261,0.44689,0.09740,0.96800,0.65625,0.50654,0.34239,0.17189,0.92929,0.68415
0.36136,0.64094,0.44106,0.09374,0.96800,0.65625,0.49546,0.34239,0.16356,0.92929,0.68224
0.36236,0.63985,0.43893,0.09312,0.96800,0.65568,0.49546,0.34237,0.16356,0.92929,0.68048
0.36336,0.63764,0.43763,0.09312,0.96800,0.65154,0.49546,0.33778,0.16129,0.92929,0.68020
0.36436,0.63696,0.43482,0.09282,0.96777,0.64964,0.48325,0.33717,0.16129,0.92929,0.67693
0.36537,0.63522,0.43387,0.09138,0.96764,0.64964,0.47449,0.33714,0.16129,0.92929,0.67575
0.36637,0.63283,0.43182,0.09138,0.96757,0.64964,0.47449,0.33714,0.16129,0.92929,0.67331
0.36737,0.63261,0.43030,0.09138,0.96748,0.64706,0.47449,0.33714,0.15922,0.92035,0.67103
0.36837,0.63127,0.42715,0.09017,0.96718,0.64539,0.47449,0.33713,0.15922,0.92035,0.66927
0.36937,0.62960,0.42533,0.09017,0.96706,0.64179,0.47449,0.33712,0.15773,0.92035,0.66753
0.37037,0.62579,0.42411,0.08894,0.96681,0.64042,0.47449,0.33419,0.15689,0.92035,0.66716
0.37137,0.62310,0.42377,0.08809,0.96654,0.63605,0.47449,0.33419,0.15689,0.92035,0.66606
0.37237,0.62081,0.42039,0.08641,0.96644,0.63339,0.47148,0.33390,0.15356,0.92035,0.66472
0.37337,0.61806,0.41864,0.08577,0.96644,0.62755,0.47148,0.33390,0.15356,0.92035,0.66424
0.37437,0.61692,0.41654,0.08528,0.96644,0.62290,0.47148,0.33390,0.15356,0.92035,0.66101
0.37538,0.61311,0.41288,0.08496,0.96643,0.62281,0.46612,0.33221,0.15356,0.92035,0.65996
0.37638,0.60971,0.40875,0.08398,0.96643,0.62281,0.46546,0.33221,0.15356,0.92035,0.65939
0.37738,0.60713,0.40831,0.08328,0.96635,0.62281,0.46341,0.33165,0.15356,0.92035,0.65928
0.37838,0.60382,0.40645,0.08309,0.96635,0.62281,0.46341,0.33083,0.15356,0.92035,0.65883
0.37938,0.60079,0.40424,0.08126,0.96635,0.61728,0.46341,0.32891,0.15356,0.92035,0.65536
0.38038,0.59904,0.40223,0.08126,0.96626,0.61469,0.44914,0.32623,0.15356,0.92035,0.65505
0.38138,0.59773,0.40004,0.08072,0.96626,0.61384,0.44914,0.32393,0.15356,0.92035,0.65426
0.38238,0.59342,0.39842,0.07678,0.96626,0.61384,0.44914,0.32393,0.15292,0.92035,0.65214
0.38338,0.59342,0.39781,0.07678,0.96565,0.61384,0.44513,0.32393,0.15292,0.92035,0.65160
0.38438,0.59130,0.39064,0.07678,0.96562,0.61384,0.44325,0.32393,0.15185,0.92035,0.65062
0.38539,0.58949,0.39052,0.07678,0.96547,0.61384,0.44207,0.32086,0.14971,0.92035,0.64775
0.38639,0.58749,0.38996,0.07597,0.96543,0.61231,0.44207,0.31761,0.14971,0.92035,0.64680
0.38739,0.58651,0.38850,0.07502,0.96534,0.61231,0.44158,0.31641,0.14903,0.92035,0.64454
0.38839,0.58418,0.38623,0.07319,0.96534,0.60568,0.44042,0.31231,0.14903,0.92035,0.64426
0.38939,0.58314,0.38579,0.07128,0.96534,0.60469,0.43601,0.31092,0.14889,0.92035,0.64312
0.39039,0.58185,0.38345,0.07126,0.96520,0.60469,0.43601,0.30977,0.14889,0.92035,0.63904
0.39139,0.57922,0.38224,0.07125,0.96496,0.60469,0.43427,0.30977,0.14434,0.92035,0.63830
0.39239,0.57840,0.38092,0.06914,0.96473,0.60279,0.43255,0.30977,0.14434,0.92035,0.63576
0.39339,0.57341,0.37729,0.06746,0.96462,0.60279,0.42651,0.30977,0.14094,0.92035,0.63501
0.39439,0.57131,0.37549,0.06735,0.96418,0.60154,0.42651,0.30661,0.14094,0.92035,0.63433
0.39540,0.56952,0.37323,0.06735,0.96418,0.59893,0.42368,0.30599,0.13684,0.92035,0.62993
0.39640,0.56631,0.37202,0.06579,0.96418,0.59862,0.41854,0.30566,0.13684,0.92035,0.62343
0.39740,0.56303,0.36999,0.06579,0.96418,0.59696,0.41313,0.30566,0.13422,0.92035,0.62204
0.39840,0.56104,0.36933,0.06579,0.96418,0.59384,0.41313,0.30416,0.13422,0.92035,0.62011
0.39940,0.56006,0.36678,0.06035,0.96418,0.59384,0.41313,0.30356,0.13422,0.92035,0.61811
0.40040,0.55894,0.36221,0.05624,0.96390,0.59384,0.41313,0.29929,0.12985,0.92035,0.61541
0.40140,0.55756,0.35992,0.05581,0.96390,0.58915,0.41313,0.29816,0.12985,0.92035,0.61428
0.40240,0.55514,0.35742,0.05581,0.96390,0.58628,0.41313,0.29816,0.12790,0.92035,0.61277
0.40340,0.55378,0.35636,0.05400,0.96380,0.58090,0.41281,0.29705,0.12790,0.92035,0.61109
0.40440,0.55141,0.35472,0.05058,0.96380,0.57941,0.41137,0.29705,0.12514,0.92035,0.61044
0.40541,0.54933,0.35095,0.05044,0.96376,0.57626,0.40775,0.29612,0.12514,0.92035,0.60507
0.40641,0.54627,0.35044,0.05035,0.96376,0.57530,0.40775,0.29612,0.12344,0.92035,0.60358
0.40741,0.54507,0.34940,0.05027,0.96355,0.57530,0.40687,0.29612,0.12344,0.92035,0.60060
0.40841,0.54234,0.34623,0.05018,0.96304,0.57438,0.40687,0.29612,0.12213,0.92035,0.59862
0.40941,0.53948,0.34337,0.05010,0.96304,0.57376,0.40687,0.29558,0.12213,0.92035,0.59660
0.41041,0.53595,0.34044,0.05001,0.96297,0.57234,0.40687,0.29513,0.12153,0.92035,0.59525
0.41141,0.53326,0.34011,0.04993,0.96259,0.57203,0.40551,0.29513,0.12153,0.92035,0.59357
0.41241,0.53000,0.33657,0.04985,0.96250,0.57193,0.39847,0.29460,0.11976,0.92035,0.59162
0.41341,0.52839,0.33571,0.04976,0.96215,0.57093,0.39847,0.28944,0.11976,0.92035,0.58961
0.41441,0.52741,0.33491,0.04968,0.96197,0.57014,0.39847,0.28599,0.11806,0.91304,0.58776
0.41542,0.52508,0.33281,0.04959,0.96197,0.57014,0.39847,0.28599,0.11746,0.91304,0.58627
0.41642,0.52079,0.33121,0.04951,0.96177,0.56720,0.39272,0.28599,0.11746,0.91304,0.58360
0.41742,0.51701,0.32928,0.04942,0.96155,0.56421,0.39250,0.28599,0.11712,0.91304,0.58257
0.41842,0.51503,0.32874,0.04934,0.96145,0.56412,0.39250,0.28442,0.11712,0.89831,0.58257
0.41942,0.51236,0.32839,0.04925,0.96129,0.56242,0.38415,0.28359,0.11582,0.89831,0.58135
0.42042,0.50896,0.32426,0.04917,0.96116,0.55922,0.37981,0.28241,0.11582,0.89831,0.58133
0.42142,0.50721,0.32007,0.04908,0.96105,0.55831,0.37589,0.28199,0.11568,0.89831,0.57921
0.42242,0.50480,0.31862,0.04900,0.96105,0.55445,0.37589,0.28199,0.11568,0.89167,0.57815
0.42342,0.50228,0.31224,0.04891,0.96105,0.55357,0.37589,0.28199,0.11505,0.89167,0.57250
0.42442,0.49874,0.30782,0.04883,0.96105,0.55307,0.35288,0.27882,0.11505,0.89167,0.56947
0.42543,0.49494,0.30576,0.04874,0.96091,0.55148,0.34853,0.27882,0.11505,0.89167,0.56819
0.42643,0.49327,0.30380,0.04866,0.96091,0.55026,0.34853,0.27771,0.11505,0.87903,0.56492
0.42743,0.48844,0.30138,0.04857,0.96091,0.54622,0.34853,0.27661,0.11461,0.87903,0.56380
0.42843,0.48754,0.29708,0.04849,0.96091,0.54399,0.34146,0.27451,0.11461,0.87903,0.56200
0.42943,0.48661,0.29595,0.04840,0.96091,0.54215,0.33857,0.27345,0.11461,0.87903,0.55943
0.43043,0.48062,0.29304,0.04832,0.96091,0.53759,0.33857,0.27289,0.11461,0.87903,0.55706
0.43143,0.48032,0.29210,0.04823,0.96091,0.53648,0.33820,0.27251,0.11414,0.87903,0.55459
0.43243,0.47652,0.29110,0.04815,0.96091,0.52974,0.33609,0.27147,0.11274,0.87903,0.55271
0.43343,0.47404,0.28932,0.04806,0.96091,0.52901,0.33505,0.26948,0.11274,0.87903,0.55013
0.43443,0.46957,0.28706,0.04798,0.96091,0.52410,0.33505,0.26860,0.11262,0.87302,0.54886
0.43544,0.46718,0.28562,0.04789,0.96083,0.52375,0.33333,0.26761,0.11262,0.87302,0.54718
0.43644,0.46545,0.28316,0.04781,0.96078,0.52116,0.33232,0.26370,0.11085,0.87302,0.54552
0.43744,0.46197,0.27893,0.04772,0.96068,0.50794,0.32966,0.26322,0.11085,0.87302,0.54386
0.43844,0.45911,0.27754,0.04764,0.96040,0.50792,0.32966,0.26256,0.10935,0.86047,0.54363
0.43944,0.45462,0.27580,0.04755,0.96040,0.50492,0.32836,0.26256,0.10935,0.86047,0.53929
0.44044,0.45194,0.27087,0.04747,0.96020,0.50492,0.32387,0.26203,0.10910,0.86047,0.53702
0.44144,0.44742,0.26778,0.04738,0.96020,0.50492,0.32236,0.26203,0.10910,0.86047,0.53608
0.44244,0.44456,0.26617,0.04730,0.96020,0.50288,0.32236,0.26203,0.10836,0.85714,0.53608
0.44344,0.43948,0.26369,0.04721,0.95998,0.50229,0.32236,0.26089,0.10836,0.85714,0.53440
0.44444,0.43721,0.26148,0.04713,0.95998,0.50000,0.32177,0.26089,0.10611,0.85714,0.53235
0.44545,0.43603,0.25893,0.04704,0.95963,0.49689,0.32088,0.26089,0.10611,0.85714,0.53096
0.44645,0.43225,0.25598,0.04696,0.95940,0.49246,0.32088,0.26089,0.10611,0.85714,0.52807
0.44745,0.43008,0.25220,0.04687,0.95940,0.49059,0.31520,0.25914,0.10529,0.85714,0.52647
0.44845,0.42688,0.24997,0.04679,0.95940,0.49059,0.31349,0.25883,0.10529,0.85714,0.52389
0.44945,0.42554,0.24892,0.04670,0.95922,0.48525,0.31129,0.25668,0.10512,0.85714,0.52210
0.45045,0.42239,0.24847,0.04662,0.95915,0.47978,0.31129,0.25668,0.10512,0.85714,0.52095
0.45145,0.41908,0.24604,0.04653,0.95915,0.47854,0.31129,0.25652,0.09988,0.85714,0.51906
0.45245,0.41689,0.24171,0.04645,0.95903,0.47604,0.30769,0.25554,0.09988,0.85714,0.51695
0.45345,0.41526,0.23939,0.04636,0.95838,0.47407,0.29730,0.25279,0.09692,0.85714,0.51607
0.45445,0.41286,0.23497,0.04628,0.95829,0.46868,0.29730,0.25279,0.09692,0.84783,0.51305
0.45546,0.41101,0.23236,0.04619,0.95829,0.46753,0.28945,0.24909,0.09639,0.84783,0.51137
0.45646,0.40873,0.22794,0.04611,0.95829,0.46591,0.28945,0.24909,0.09639,0.84783,0.51005
0.45746,0.40466,0.22616,0.04602,0.95829,0.46407,0.28359,0.24883,0.09374,0.84783,0.50806
0.45846,0.40376,0.22469,0.04594,0.95829,0.46154,0.28359,0.24743,0.09374,0.84783,0.50805
0.45946,0.39982,0.22320,0.04585,0.95829,0.45945,0.28256,0.24743,0.09226,0.84783,0.50723
0.46046,0.39578,0.22258,0.04577,0.95829,0.45945,0.28176,0.24567,0.09226,0.84783,0.50494
0.46146,0.39246,0.21773,0.04568,0.95809,0.45945,0.27443,0.24494,0.09226,0.84783,0.50234
0.46246,0.39031,0.21434,0.04560,0.95780,0.45930,0.27443,0.24494,0.09226,0.84783,0.49967
0.46346,0.38908,0.21218,0.04551,0.95769,0.45414,0.27443,0.24400,0.09226,0.84783,0.49857
0.46446,0.38493,0.20722,0.04543,0.95744,0.45289,0.27443,0.24400,0.09226,0.84783,0.49672
0.46547,0.38234,0.20432,0.04534,0.95744,0.45076,0.27443,0.24400,0.09226,0.84783,0.49253
0.46647,0.37933,0.20193,0.04526,0.95744,0.44801,0.27443,0.24400,0.09185,0.79470,0.48927
0.46747,0.37687,0.20060,0.04517,0.95726,0.44724,0.27443,0.24353,0.09185,0.79470,0.48752
0.46847,0.37484,0.19947,0.04509,0.95722,0.44455,0.27287,0.24342,0.09061,0.79470,0.48681
0.46947,0.37273,0.19694,0.04500,0.95684,0.44402,0.26783,0.24279,0.09061,0.79470,0.48602
0.47047,0.36826,0.18883,0.04492,0.95650,0.43874,0.26783,0.24279,0.08715,0.79470,0.48369
0.47147,0.36601,0.18486,0.04484,0.95648,0.43859,0.26523,0.24279,0.08715,0.79470,0.48181
0.47247,0.36197,0.17855,0.04475,0.95633,0.43624,0.26523,0.24279,0.08636,0.79470,0.48104
0.47347,0.35865,0.17122,0.04467,0.95612,0.43414,0.26523,0.24279,0.08636,0.79470,0.47829
0.47447,0.35672,0.16849,0.04458,0.95594,0.42348,0.26523,0.24279,0.08562,0.79470,0.47829
0.47548,0.35515,0.15487,0.04450,0.95570,0.42330,0.26523,0.24279,0.08562,0.79470,0.47829
0.47648,0.35376,0.15458,0.04441,0.95553,0.42192,0.26150,0.24118,0.08506,0.79470,0.47608
0.47748,0.35277,0.15428,0.04433,0.95550,0.42124,0.26109,0.24118,0.08385,0.79470,0.47537
0.47848,0.34871,0.15399,0.04424,0.95550,0.42019,0.26109,0.24052,0.08385,0.79085,0.47395
0.47948,0.34592,0.15369,0.04416,0.95550,0.41940,0.25316,0.24032,0.08333,0.79085,0.47144
0.48048,0.34277,0.15339,0.04407,0.95550,0.41751,0.25208,0.24032,0.08333,0.79085,0.46951
0.48148,0.34023,0.15310,0.04399,0.95542,0.41248,0.25208,0.23695,0.08325,0.79085,0.46884
0.48248,0.33852,0.15280,0.04390,0.95514,0.41238,0.25208,0.23587,0.08325,0.77848,0.46630
0.48348,0.33704,0.15251,0.04382,0.95508,0.40864,0.25208,0.23207,0.08325,0.77848,0.46499
0.48448,0.33419,0.15221,0.04373,0.95465,0.40431,0.25208,0.23207,0.08325,0.77848,0.46468
0.48549,0.33056,0.15192,0.04365,0.95460,0.40176,0.24881,0.23207,0.08244,0.77848,0.46275
0.48649,0.32727,0.15162,0.04356,0.95440,0.40159,0.24881,0.23126,0.08244,0.77848,0.46148
0.48749,0.32204,0.15133,0.04348,0.95424,0.40125,0.24680,0.22942,0.08244,0.77848,0.45898
0.48849,0.32053,0.15103,0.04339,0.95422,0.40125,0.24581,0.22575,0.08244,0.77848,0.45675
0.48949,0.31923,0.15073,0.04331,0.95405,0.39950,0.23927,0.22575,0.08068,0.77848,0.45649
0.49049,0.31637,0.15044,0.04322,0.95369,0.39762,0.23927,0.22540,0.08068,0.77500,0.45436
0.49149,0.31423,0.15014,0.04314,0.95330,0.39633,0.23593,0.22290,0.08052,0.77500,0.45295
0.49249,0.31208,0.14985,0.04305,0.95330,0.39561,0.23507,0.22112,0.07902,0.77500,0.45219
0.49349,0.30988,0.14955,0.04297,0.95322,0.39538,0.23072,0.21968,0.07902,0.77500,0.44818
0.49449,0.30693,0.14926,0.04288,0.95290,0.39167,0.23072,0.21968,0.07902,0.76829,0.44473
0.49550,0.30506,0.14896,0.04280,0.95286,0.39144,0.22766,0.21968,0.07902,0.76829,0.44365
0.49650,0.30338,0.14867,0.04271,0.95269,0.38631,0.22730,0.21899,0.07847,0.76829,0.44101
0.49750,0.30180,0.14837,0.04263,0.95269,0.38383,0.22509,0.21748,0.07847,0.76829,0.43992
0.49850,0.29910,0.14807,0.04254,0.95262,0.38297,0.22509,0.21736,0.07824,0.76829,0.43931
0.49950,0.29609,0.14778,0.04246,0.95243,0.37962,0.22509,0.21710,0.07824,0.76829,0.43874
0.50050,0.29225,0.14748,0.04237,0.95169,0.37791,0.22434,0.21698,0.07797,0.76829,0.43704
0.50150,0.28988,0.14719,0.04229,0.95160,0.37214,0.22354,0.21623,0.07797,0.76829,0.43622
0.50250,0.28602,0.14689,0.04220,0.95113,0.37191,0.22354,0.21382,0.07797,0.76048,0.43354
0.50350,0.28316,0.14660,0.04212,0.95113,0.37099,0.22354,0.21247,0.07797,0.76048,0.43160
0.50450,0.28210,0.14630,0.04203,0.95097,0.37022,0.22061,0.21247,0.07797,0.76048,0.43029
0.50551,0.28029,0.14601,0.04195,0.95067,0.36580,0.21615,0.20917,0.07797,0.76048,0.42847
0.50651,0.27931,0.14571,0.04186,0.95051,0.36308,0.21615,0.20833,0.07743,0.75439,0.42805
0.50751,0.27694,0.14541,0.04178,0.95041,0.36219,0.21611,0.20702,0.07743,0.75439,0.42626
0.50851,0.27511,0.14512,0.04169,0.95041,0.36009,0.21521,0.20572,0.07699,0.75439,0.42229
0.50951,0.27295,0.14482,0.04161,0.95041,0.35939,0.21505,0.20375,0.07585,0.75439,0.42111
0.51051,0.26973,0.14453,0.04152,0.94999,0.35905,0.21505,0.20189,0.07585,0.75439,0.41767
0.51151,0.26742,0.14423,0.04144,0.94962,0.35902,0.21274,0.20105,0.07556,0.75439,0.41674
0.51251,0.26306,0.14394,0.04135,0.94944,0.35682,0.20414,0.20022,0.07556,0.75439,0.41573
0.51351,0.26054,0.14364,0.04127,0.94934,0.35452,0.20412,0.19860,0.07545,0.75439,0.41242
0.51451,0.25879,0.14335,0.04118,0.94927,0.35154,0.20412,0.19860,0.07545,0.72222,0.41078
0.51552,0.25621,0.14305,0.04110,0.94899,0.34945,0.20336,0.19780,0.07545,0.72222,0.41019
0.51652,0.25091,0.14275,0.04101,0.94896,0.34622,0.20114,0.19766,0.07545,0.72222,0.40841
0.51752,0.24898,0.14246,0.04093,0.94841,0.34503,0.20093,0.19524,0.07403,0.72222,0.40738
0.51852,0.24378,0.14216,0.04084,0.94814,0.34292,0.20093,0.19413,0.07403,0.70968,0.40505
0.51952,0.24071,0.14187,0.04076,0.94762,0.34142,0.19707,0.19248,0.07360,0.70968,0.40256
0.52052,0.23802,0.14157,0.04067,0.94750,0.34118,0.19511,0.19128,0.07360,0.70968,0.40117
0.52152,0.23419,0.14128,0.04059,0.94750,0.33903,0.18578,0.19089,0.07360,0.70968,0.39953
0.52252,0.22910,0.14098,0.04050,0.94742,0.33714,0.18578,0.18675,0.07360,0.70968,0.39807
0.52352,0.22367,0.14069,0.04042,0.94704,0.33571,0.18468,0.18526,0.07360,0.70968,0.39677
0.52452,0.21887,0.14039,0.04033,0.94650,0.33248,0.18403,0.18497,0.07351,0.70968,0.39304
0.52553,0.21606,0.14009,0.04025,0.94599,0.33152,0.18169,0.18487,0.07351,0.70968,0.39248
0.52653,0.21293,0.13980,0.04016,0.94551,0.33026,0.18169,0.18428,0.07306,0.70370,0.39056
0.52753,0.20645,0.13950,0.04008,0.94526,0.32685,0.17782,0.18372,0.07306,0.70370,0.38796
0.52853,0.20078,0.13921,0.03999,0.94509,0.32443,0.17208,0.18372,0.07244,0.70370,0.38766
0.52953,0.19557,0.13891,0.03991,0.94497,0.32384,0.16922,0.18090,0.07244,0.70370,0.38592
0.53053,0.19164,0.13862,0.03983,0.94422,0.32167,0.16922,0.18090,0.07112,0.69072,0.38500
0.53153,0.18712,0.13832,0.03974,0.94383,0.31886,0.16709,0.18029,0.07112,0.69072,0.38234
0.53253,0.18218,0.13803,0.03966,0.94368,0.31633,0.16708,0.17801,0.06925,0.69072,0.38141
0.53353,0.16793,0.13773,0.03957,0.94333,0.31633,0.16522,0.17653,0.06925,0.69072,0.37982
0.53453,0.16547,0.13743,0.03949,0.94309,0.31466,0.16522,0.17366,0.06828,0.68878,0.37762
0.53554,0.16511,0.13714,0.03940,0.94292,0.31339,0.16381,0.17364,0.06828,0.68878,0.37568
0.53654,0.16475,0.13684,0.03932,0.94270,0.31169,0.16329,0.17306,0.06814,0.68878,0.37324
0.53754,0.16440,0.13655,0.03923,0.94248,0.30899,0.16054,0.17306,0.06814,0.68878,0.37162
0.53854,0.16404,0.13625,0.03915,0.94228,0.30867,0.16054,0.17306,0.06659,0.66019,0.36992
0.53954,0.16369,0.13596,0.03906,0.94172,0.30774,0.16054,0.17306,0.06447,0.66019,0.36876
0.54054,0.16333,0.13566,0.03898,0.94172,0.30729,0.16054,0.17184,0.06447,0.66019,0.36725
0.54154,0.16298,0.13537,0.03889,0.94169,0.30729,0.16050,0.17141,0.06056,0.66019,0.36571
0.54254,0.16262,0.13507,0.03881,0.94169,0.30437,0.16050,0.17068,0.06056,0.65550,0.36320
0.54354,0.16226,0.13477,0.03872,0.94169,0.30322,0.16050,0.16730,0.05629,0.65550,0.36245
0.54454,0.16191,0.13448,0.03864,0.94152,0.29939,0.15960,0.16730,0.05616,0.65550,0.36047
0.54555,0.16155,0.13418,0.03855,0.94124,0.29828,0.15960,0.16706,0.05604,0.65550,0.35766
0.54655,0.16120,0.13389,0.03847,0.94065,0.29763,0.15960,0.16662,0.05592,0.63014,0.35713
0.54755,0.16084,0.13359,0.03838,0.94065,0.29684,0.15816,0.16662,0.05579,0.63014,0.35418
0.54855,0.16048,0.13330,0.03830,0.94058,0.29553,0.15816,0.16494,0.05567,0.63014,0.35372
0.54955,0.16013,0.13300,0.03821,0.94050,0.29367,0.15806,0.16238,0.05555,0.63014,0.35291
0.55055,0.15977,0.13271,0.03813,0.94041,0.29274,0.15806,0.16230,0.05542,0.62896,0.35085
0.55155,0.15942,0.13241,0.03804,0.94041,0.29238,0.15724,0.16020,0.05530,0.62896,0.34878
0.55255,0.15906,0.13211,0.03796,0.94035,0.29128,0.15479,0.16020,0.05518,0.62896,0.34660
0.55355,0.15871,0.13182,0.03787,0.93966,0.28949,0.15387,0.15990,0.05505,0.62896,0.34498
0.55455,0.15835,0.13152,0.03779,0.93917,0.28918,0.15387,0.15930,0.05493,0.61135,0.34339
0.55556,0.15799,0.13123,0.03770,0.93900,0.28475,0.15387,0.15887,0.05480,0.61135,0.34324
0.55656,0.15764,0.13093,0.03762,0.93876,0.28468,0.15194,0.15880,0.05468,0.61135,0.34098
0.55756,0.15728,0.13064,0.03753,0.93861,0.28395,0.14702,0.15791,0.05456,0.61135,0.33922
0.55856,0.15693,0.13034,0.03745,0.93817,0.28395,0.14702,0.15754,0.05443,0.60000,0.33725
0.55956,0.15657,0.13005,0.03736,0.93803,0.28359,0.14458,0.15338,0.05431,0.60000,0.33558
0.56056,0.15621,0.12975,0.03728,0.93757,0.28193,0.14437,0.15160,0.05419,0.60000,0.33521
0.56156,0.15586,0.12945,0.03719,0.93723,0.28041,0.14437,0.15160,0.05406,0.60000,0.33398
0.56256,0.15550,0.12916,0.03711,0.93700,0.28038,0.14437,0.15135,0.05394,0.58678,0.33261
0.56356,0.15515,0.12886,0.03702,0.93688,0.27907,0.13792,0.15049,0.05382,0.58678,0.33137
0.56456,0.15479,0.12857,0.03694,0.93629,0.27907,0.13757,0.15047,0.05369,0.58678,0.33066
0.56557,0.15444,0.12827,0.03685,0.93614,0.27862,0.13402,0.14156,0.05357,0.58678,0.32812
0.56657,0.15408,0.12798,0.03677,0.93601,0.27746,0.13402,0.13998,0.05345,0.57895,0.32688
0.56757,0.15372,0.12768,0.03668,0.93522,0.27720,0.13402,0.13998,0.05332,0.57895,0.32460
0.56857,0.15337,0.12739,0.03660,0.93477,0.27687,0.13402,0.13998,0.05320,0.57895,0.32325
0.56957,0.15301,0.12709,0.03651,0.93416,0.27531,0.13321,0.13998,0.05308,0.57895,0.32285
0.57057,0.15266,0.12679,0.03643,0.93368,0.27481,0.13321,0.13998,0.05295,0.57831,0.32153
0.57157,0.15230,0.12650,0.03634,0.93348,0.27430,0.13176,0.13995,0.05283,0.57831,0.31968
0.57257,0.15194,0.12620,0.03626,0.93326,0.27392,0.13046,0.13993,0.05271,0.57831,0.31669
0.57357,0.15159,0.12591,0.03617,0.93293,0.27177,0.13013,0.13993,0.05258,0.57831,0.31576
0.57457,0.15123,0.12561,0.03609,0.93232,0.27099,0.13013,0.13939,0.05246,0.57769,0.31346
0.57558,0.15088,0.12532,0.03600,0.93132,0.27065,0.12717,0.13939,0.05234,0.57769,0.31287
0.57658,0.15052,0.12502,0.03592,0.93027,0.27016,0.12650,0.13939,0.05221,0.57769,0.31235
0.57758,0.15017,0.12473,0.03583,0.92985,0.26816,0.12478,0.13856,0.05209,0.57769,0.31186
0.57858,0.14981,0.12443,0.03575,0.92936,0.26606,0.12478,0.13835,0.05197,0.56371,0.31083
0.57958,0.14945,0.12413,0.03566,0.92915,0.26474,0.12478,0.13689,0.05184,0.56371,0.30951
0.58058,0.14910,0.12384,0.03558,0.92900,0.26408,0.12400,0.13428,0.05172,0.56371,0.30791
0.58158,0.14874,0.12354,0.03549,0.92892,0.26408,0.12241,0.13428,0.05160,0.56371,0.30516
0.58258,0.14839,0.12325,0.03541,0.92861,0.26285,0.12241,0.13414,0.05147,0.55682,0.30358
0.58358,0.14803,0.12295,0.03532,0.92789,0.26145,0.12113,0.13342,0.05135,0.55682,0.30231
0.58458,0.14767,0.12266,0.03524,0.92786,0.26066,0.11965,0.13134,0.05123,0.55682,0.30081
0.58559,0.14732,0.12236,0.03515,0.92772,0.25826,0.11918,0.13060,0.05110,0.55682,0.30062
0.58659,0.14696,0.12207,0.03507,0.92759,0.25501,0.11918,0.13018,0.05098,0.53597,0.29964
0.58759,0.14661,0.12177,0.03498,0.92741,0.25327,0.11747,0.12725,0.05085,0.53597,0.29835
0.58859,0.14625,0.12147,0.03490,0.92740,0.25233,0.11724,0.12725,0.05073,0.53597,0.29692
0.58959,0.14590,0.12118,0.03482,0.92695,0.25151,0.11721,0.12669,0.05061,0.53597,0.29422
0.59059,0.14554,0.12088,0.03473,0.92675,0.25070,0.11721,0.12607,0.05048,0.53597,0.29228
0.59159,0.14518,0.12059,0.03465,0.92591,0.25070,0.11721,0.12475,0.05036,0.53597,0.29175
0.59259,0.14483,0.12029,0.03456,0.92560,0.25064,0.11534,0.12316,0.05024,0.53597,0.29009
0.59359,0.14447,0.12000,0.03448,0.92510,0.25053,0.11308,0.11993,0.05011,0.53597,0.28912
0.59459,0.14412,0.11970,0.03439,0.92450,0.24952,0.11308,0.11886,0.04999,0.53004,0.28867
0.59560,0.14376,0.11941,0.03431,0.92380,0.24847,0.11203,0.11828,0.04987,0.53004,0.28734
0.59660,0.14340,0.11911,0.03422,0.92304,0.24420,0.11183,0.11747,0.04974,0.53004,0.28674
0.59760,0.14305,0.11881,0.03414,0.92241,0.24325,0.11183,0.11735,0.04962,0.53004,0.28615
0.59860,0.14269,0.11852,0.03405,0.92166,0.24292,0.11183,0.11705,0.04950,0.48243,0.28500
0.59960,0.14234,0.11822,0.03397,0.92156,0.24203,0.10944,0.11673,0.04937,0.48243,0.28312
0.60060,0.14198,0.11793,0.03388,0.92116,0.24058,0.10540,0.11673,0.04925,0.48243,0.28162
0.60160,0.14163,0.11763,0.03380,0.92059,0.23986,0.10242,0.11582,0.04913,0.47649,0.28072
0.60260,0.14127,0.11734,0.03371,0.92050,0.23834,0.10242,0.11463,0.04900,0.47649,0.27783
0.60360,0.14091,0.11704,0.03363,0.91986,0.23760,0.10242,0.11373,0.04888,0.47649,0.27679
0.60460,0.14056,0.11675,0.03354,0.91956,0.23621,0.10150,0.11096,0.04876,0.47649,0.27581
0.60561,0.14020,0.11645,0.03346,0.91951,0.23620,0.10011,0.10821,0.04863,0.47516,0.27472
0.60661,0.13985,0.11615,0.03337,0.91944,0.23612,0.10011,0.10748,0.04851,0.47516,0.27183
0.60761,0.13949,0.11586,0.03329,0.91903,0.23417,0.09898,0.10651,0.04839,0.47516,0.26954
0.60861,0.13913,0.11556,0.03320,0.91876,0.23409,0.09790,0.10644,0.04826,0.47516,0.26766
0.60961,0.13878,0.11527,0.03312,0.91828,0.23257,0.09582,0.10000,0.04814,0.47095,0.26689
0.61061,0.13842,0.11497,0.03303,0.91743,0.23127,0.09582,0.09980,0.04802,0.47095,0.26591
0.61161,0.13807,0.11468,0.03295,0.91689,0.23098,0.09493,0.09837,0.04789,0.47095,0.26531
0.61261,0.13771,0.11438,0.03286,0.91671,0.22736,0.09409,0.09722,0.04777,0.47095,0.26265
0.61361,0.13736,0.11409,0.03278,0.91619,0.22686,0.09227,0.09714,0.04765,0.46407,0.26215
0.61461,0.13700,0.11379,0.03269,0.91584,0.22619,0.09227,0.09557,0.04752,0.46407,0.26087
0.61562,0.13664,0.11349,0.03261,0.91574,0.22619,0.09165,0.09520,0.04740,0.46407,0.26025
0.61662,0.13629,0.11320,0.03252,0.91552,0.22394,0.08971,0.09123,0.04728,0.46407,0.25950
0.61762,0.13593,0.11290,0.03244,0.91530,0.22348,0.08732,0.08959,0.04715,0.46313,0.25742
0.61862,0.13558,0.11261,0.03235,0.91465,0.22090,0.08732,0.08815,0.04703,0.46313,0.25597
0.61962,0.13522,0.11231,0.03227,0.91450,0.22034,0.08692,0.08621,0.04691,0.46313,0.25339
0.62062,0.13486,0.11202,0.03218,0.91414,0.21765,0.08146,0.08621,0.04678,0.46313,0.25031
0.62162,0.13451,0.11172,0.03210,0.91330,0.21635,0.08146,0.08480,0.04666,0.46313,0.24934
0.62262,0.13415,0.11143,0.03201,0.91229,0.21406,0.08146,0.08403,0.04653,0.46313,0.24918
0.62362,0.13380,0.11113,0.03193,0.91175,0.21285,0.08062,0.08403,0.04641,0.46313,0.24762
0.62462,0.13344,0.11083,0.03184,0.91055,0.21137,0.08013,0.08328,0.04629,0.46313,0.24667
0.62563,0.13308,0.11054,0.03176,0.90965,0.20992,0.07984,0.07448,0.04616,0.45797,0.24476
0.62663,0.13273,0.11024,0.03167,0.90908,0.20972,0.07984,0.07428,0.04604,0.45797,0.24305
0.62763,0.13237,0.10995,0.03159,0.90899,0.20889,0.07943,0.07408,0.04592,0.45797,0.24129
0.62863,0.13202,0.10965,0.03150,0.90861,0.20888,0.07913,0.07388,0.04579,0.45797,0.24026
0.62963,0.13166,0.10936,0.03142,0.90812,0.20736,0.07804,0.07368,0.04567,0.41623,0.23910
0.63063,0.13131,0.10906,0.03133,0.90724,0.20715,0.07804,0.07348,0.04555,0.41623,0.23688
0.63163,0.13095,0.10877,0.03125,0.90657,0.20628,0.07788,0.07329,0.04542,0.41623,0.23570
0.63263,0.13059,0.10847,0.03116,0.90612,0.20515,0.07788,0.07309,0.04530,0.41623,0.23369
0.63363,0.13024,0.10817,0.03108,0.90463,0.20515,0.06975,0.07289,0.04518,0.41237,0.23366
0.63463,0.12988,0.10788,0.03099,0.90372,0.20443,0.06956,0.07269,0.04505,0.41237,0.23168
0.63564,0.12953,0.10758,0.03091,0.90230,0.20057,0.06937,0.07249,0.04493,0.41237,0.22968
0.63664,0.12917,0.10729,0.03082,0.90154,0.19927,0.06918,0.07229,0.04481,0.41237,0.22862
0.63764,0.12881,0.10699,0.03074,0.90122,0.19871,0.06899,0.07209,0.04468,0.34255,0.22740
0.63864,0.12846,0.10670,0.03065,0.90063,0.19740,0.06880,0.07189,0.04456,0.34255,0.22583
0.63964,0.12810,0.10640,0.03057,0.89981,0.19646,0.06861,0.07169,0.04444,0.34255,0.22222
0.64064,0.12775,0.10611,0.03048,0.89962,0.19573,0.06842,0.07149,0.04431,0.34255,0.21871
0.64164,0.12739,0.10581,0.03040,0.89873,0.19436,0.06823,0.07129,0.04419,0.33198,0.21837
0.64264,0.12704,0.10551,0.03031,0.89815,0.19342,0.06804,0.07109,0.04407,0.33198,0.21442
0.64364,0.12668,0.10522,0.03023,0.89768,0.19136,0.06785,0.07090,0.04394,0.33198,0.21171
0.64464,0.12632,0.10492,0.03014,0.89714,0.18846,0.06766,0.07070,0.04382,0.33198,0.21067
0.64565,0.12597,0.10463,0.03006,0.89645,0.18658,0.06747,0.07050,0.04370,0.33198,0.20789
0.64665,0.12561,0.10433,0.02997,0.89564,0.18562,0.06728,0.07030,0.04357,0.33198,0.20716
0.64765,0.12526,0.10404,0.02989,0.89523,0.18417,0.06709,0.07010,0.04345,0.33198,0.20524
0.64865,0.12490,0.10374,0.02981,0.89459,0.18283,0.06690,0.06990,0.04333,0.33198,0.20334
0.64965,0.12454,0.10345,0.02972,0.89368,0.18202,0.06671,0.06970,0.04320,0.33065,0.20154
0.65065,0.12419,0.10315,0.02964,0.89290,0.18177,0.06651,0.06950,0.04308,0.33065,0.20021
0.65165,0.12383,0.10285,0.02955,0.89276,0.18151,0.06632,0.06930,0.04296,0.33065,0.19753
0.65265,0.12348,0.10256,0.02947,0.89221,0.18096,0.06613,0.06910,0.04283,0.33065,0.19526
0.65365,0.12312,0.10226,0.02938,0.89106,0.18096,0.06594,0.06890,0.04271,0.30220,0.19372
0.65465,0.12277,0.10197,0.02930,0.89004,0.18060,0.06575,0.06871,0.04258,0.30220,0.19130
0.65566,0.12241,0.10167,0.02921,0.88967,0.18024,0.06556,0.06851,0.04246,0.30220,0.18846
0.65666,0.12205,0.10138,0.02913,0.88919,0.17900,0.06537,0.06831,0.04234,0.30220,0.18746
0.65766,0.12170,0.10108,0.02904,0.88825,0.17856,0.06518,0.06811,0.04221,0.28183,0.18437
0.65866,0.12134,0.10079,0.02896,0.88727,0.17739,0.06499,0.06791,0.04209,0.28183,0.18360
0.65966,0.12099,0.10049,0.02887,0.88640,0.17469,0.06480,0.06771,0.04197,0.28183,0.17949
0.66066,0.12063,0.10019,0.02879,0.88555,0.17412,0.06461,0.06751,0.04184,0.28183,0.17832
0.66166,0.12027,0.09990,0.02870,0.88501,0.17311,0.06442,0.06731,0.04172,0.24203,0.17708
0.66266,0.11992,0.09960,0.02862,0.88420,0.17287,0.06423,0.06711,0.04160,0.24203,0.17325
0.66366,0.11956,0.09931,0.02853,0.88332,0.17250,0.06404,0.06691,0.04147,0.24203,0.17157
0.66466,0.11921,0.09901,0.02845,0.88266,0.17250,0.06385,0.06671,0.04135,0.24203,0.17053
0.66567,0.11885,0.09872,0.02836,0.88188,0.17250,0.06366,0.06651,0.04123,0.23762,0.16738
0.66667,0.11850,0.09842,0.02828,0.88105,0.17250,0.06347,0.06632,0.04110,0.23762,0.16502
0.66767,0.11814,0.09813,0.02819,0.88058,0.17215,0.06327,0.06612,0.04098,0.23762,0.16068
0.66867,0.11778,0.09783,0.02811,0.87998,0.17129,0.06308,0.06592,0.04086,0.23762,0.16025
0.66967,0.11743,0.09753,0.02802,0.87905,0.17010,0.06289,0.06572,0.04073,0.21501,0.15596
0.67067,0.11707,0.09724,0.02794,0.87814,0.16963,0.06270,0.06552,0.04061,0.21501,0.14684
0.67167,0.11672,0.09694,0.02785,0.87752,0.16883,0.06251,0.06532,0.04049,0.21501,0.14484
0.67267,0.11636,0.09665,0.02777,0.87683,0.16874,0.06232,0.06512,0.04036,0.21501,0.14440
0.67367,0.11600,0.09635,0.02768,0.87602,0.16635,0.06213,0.06492,0.04024,0.19058,0.14396
0.67467,0.11565,0.09606,0.02760,0.87561,0.16489,0.06194,0.06472,0.04012,0.19058,0.14352
0.67568,0.11529,0.09576,0.02751,0.87468,0.16473,0.06175,0.06452,0.03999,0.19058,0.14308
0.67668,0.11494,0.09547,0.02743,0.87272,0.16417,0.06156,0.06432,0.03987,0.19058,0.14264
0.67768,0.11458,0.09517,0.02734,0.87248,0.16315,0.06137,0.06412,0.03975,0.18587,0.14219
0.67868,0.11423,0.09487,0.02726,0.87154,0.16126,0.06118,0.06393,0.03962,0.18587,0.14175
0.67968,0.11387,0.09458,0.02717,0.87053,0.15961,0.06099,0.06373,0.03950,0.18587,0.14131
0.68068,0.11351,0.09428,0.02709,0.86942,0.15809,0.06080,0.06353,0.03938,0.18587,0.14087
0.68168,0.11316,0.09399,0.02700,0.86866,0.15699,0.06061,0.06333,0.03925,0.14045,0.14043
0.68268,0.11280,0.09369,0.02692,0.86850,0.15655,0.06042,0.06313,0.03913,0.14000,0.13999
0.68368,0.11245,0.09340,0.02683,0.86717,0.15627,0.06023,0.06293,0.03901,0.13956,0.13954
0.68468,0.11209,0.09310,0.02675,0.86640,0.15627,0.06003,0.06273,0.03888,0.13912,0.13910
0.68569,0.11173,0.09281,0.02666,0.86548,0.15624,0.05984,0.06253,0.03876,0.13868,0.13866
0.68669,0.11138,0.09251,0.02658,0.86434,0.15560,0.05965,0.06233,0.03863,0.13824,0.13822
0.68769,0.11102,0.09221,0.02649,0.86373,0.15546,0.05946,0.06213,0.03851,0.13780,0.13778
0.68869,0.11067,0.09192,0.02641,0.86262,0.15455,0.05927,0.06193,0.03839,0.13735,0.13734
0.68969,0.11031,0.09162,0.02632,0.86223,0.15436,0.05908,0.06174,0.03826,0.13691,0.13689
0.69069,0.10996,0.09133,0.02624,0.86117,0.15354,0.05889,0.06154,0.03814,0.13647,0.13645
0.69169,0.10960,0.09103,0.02615,0.86012,0.15307,0.05870,0.06134,0.03802,0.13603,0.13601
0.69269,0.10924,0.09074,0.02607,0.85851,0.15294,0.05851,0.06114,0.03789,0.13559,0.13557
0.69369,0.10889,0.09044,0.02598,0.85723,0.15238,0.05832,0.06094,0.03777,0.13515,0.13513
0.69469,0.10853,0.09015,0.02590,0.85590,0.15207,0.05813,0.06074,0.03765,0.13470,0.13469
0.69570,0.10818,0.08985,0.02581,0.85491,0.15171,0.05794,0.06054,0.03752,0.13426,0.13424
0.69670,0.10782,0.08955,0.02573,0.85342,0.15154,0.05775,0.06034,0.03740,0.13382,0.13380
0.69770,0.10746,0.08926,0.02564,0.85279,0.15103,0.05756,0.06014,0.03728,0.13338,0.13336
0.69870,0.10711,0.08896,0.02556,0.85194,0.15024,0.05737,0.05994,0.03715,0.13294,0.13292
0.69970,0.10675,0.08867,0.02547,0.85144,0.14970,0.05718,0.05974,0.03703,0.13250,0.13248
0.70070,0.10640,0.08837,0.02539,0.85009,0.14882,0.05699,0.05954,0.03691,0.13205,0.13204
0.70170,0.10604,0.08808,0.02530,0.84862,0.14779,0.05679,0.05935,0.03678,0.13161,0.13160
0.70270,0.10569,0.08778,0.02522,0.84811,0.14758,0.05660,0.05915,0.03666,0.13117,0.13115
0.70370,0.10533,0.08749,0.02513,0.84640,0.14698,0.05641,0.05895,0.03654,0.13073,0.13071
0.70470,0.10497,0.08719,0.02505,0.84457,0.14657,0.05622,0.05875,0.03641,0.13029,0.13027
0.70571,0.10462,0.08689,0.02497,0.84264,0.14589,0.05603,0.05855,0.03629,0.12985,0.12983
0.70671,0.10426,0.08660,0.02488,0.84156,0.14575,0.05584,0.05835,0.03617,0.12940,0.12939
0.70771,0.10391,0.08630,0.02480,0.84109,0.14457,0.05565,0.05815,0.03604,0.12896,0.12895
0.70871,0.10355,0.08601,0.02471,0.84019,0.14427,0.05546,0.05795,0.03592,0.12852,0.12850
0.70971,0.10319,0.08571,0.02463,0.83911,0.14199,0.05527,0.05775,0.03580,0.12808,0.12806
0.71071,0.10284,0.08542,0.02454,0.83756,0.14048,0.05508,0.05755,0.03567,0.12764,0.12762
0.71171,0.10248,0.08512,0.02446,0.83668,0.14021,0.05489,0.05735,0.03555,0.12720,0.12718
0.71271,0.10213,0.08483,0.02437,0.83575,0.13846,0.05470,0.05715,0.03543,0.12675,0.12674
0.71371,0.10177,0.08453,0.02429,0.83434,0.13788,0.05451,0.05696,0.03530,0.12631,0.12630
0.71471,0.10141,0.08423,0.02420,0.83372,0.13749,0.05432,0.05676,0.03518,0.12587,0.12585
0.71572,0.10106,0.08394,0.02412,0.83224,0.13690,0.05413,0.05656,0.03506,0.12543,0.12541
0.71672,0.10070,0.08364,0.02403,0.83022,0.13630,0.05394,0.05636,0.03493,0.12499,0.12497
0.71772,0.10035,0.08335,0.02395,0.82935,0.13594,0.05375,0.05616,0.03481,0.12455,0.12453
0.71872,0.09999,0.08305,0.02386,0.82827,0.13453,0.05355,0.05596,0.03469,0.12410,0.12409
0.71972,0.09964,0.08276,0.02378,0.82657,0.13397,0.05336,0.05576,0.03456,0.12366,0.12365
0.72072,0.09928,0.08246,0.02369,0.82495,0.13303,0.05317,0.05556,0.03444,0.12322,0.12321
0.72172,0.09892,0.08217,0.02361,0.82348,0.13202,0.05298,0.05536,0.03431,0.12278,0.12276
0.72272,0.09857,0.08187,0.02352,0.82239,0.13163,0.05279,0.05516,0.03419,0.12234,0.12232
0.72372,0.09821,0.08157,0.02344,0.82102,0.13056,0.05260,0.05496,0.03407,0.12190,0.12188
0.72472,0.09786,0.08128,0.02335,0.81997,0.13013,0.05241,0.05476,0.03394,0.12145,0.12144
0.72573,0.09750,0.08098,0.02327,0.81879,0.12911,0.05222,0.05457,0.03382,0.12101,0.12100
0.72673,0.09714,0.08069,0.02318,0.81788,0.12786,0.05203,0.05437,0.03370,0.12057,0.12056
0.72773,0.09679,0.08039,0.02310,0.81677,0.12720,0.05184,0.05417,0.03357,0.12013,0.12011
0.72873,0.09643,0.08010,0.02301,0.81472,0.12550,0.05165,0.05397,0.03345,0.11969,0.11967
0.72973,0.09608,0.07980,0.02293,0.81312,0.12268,0.05146,0.05377,0.03333,0.11925,0.11923
0.73073,0.09572,0.07951,0.02284,0.81043,0.12268,0.05127,0.05357,0.03320,0.11880,0.11879
0.73173,0.09537,0.07921,0.02276,0.80832,0.12203,0.05108,0.05337,0.03308,0.11836,0.11835
0.73273,0.09501,0.07891,0.02267,0.80686,0.12107,0.05089,0.05317,0.03296,0.11792,0.11791
0.73373,0.09465,0.07862,0.02259,0.80600,0.12013,0.05070,0.05297,0.03283,0.11748,0.11746
0.73473,0.09430,0.07832,0.02250,0.80445,0.11907,0.05051,0.05277,0.03271,0.11704,0.11702
0.73574,0.09394,0.07803,0.02242,0.80292,0.11874,0.05031,0.05257,0.03259,0.11660,0.11658
0.73674,0.09359,0.07773,0.02233,0.80183,0.11378,0.05012,0.05238,0.03246,0.11615,0.11614
0.73774,0.09323,0.07744,0.02225,0.79975,0.10984,0.04993,0.05218,0.03234,0.11571,0.11570
0.73874,0.09287,0.07714,0.02216,0.79839,0.10837,0.04974,0.05198,0.03222,0.11527,0.11526
0.73974,0.09252,0.07685,0.02208,0.79657,0.10795,0.04955,0.05178,0.03209,0.11483,0.11481
0.74074,0.09216,0.07655,0.02199,0.79557,0.10754,0.04936,0.05158,0.03197,0.11439,0.11437
0.74174,0.09181,0.07625,0.02191,0.79319,0.10712,0.04917,0.05138,0.03185,0.11395,0.11393
0.74274,0.09145,0.07596,0.02182,0.79118,0.10671,0.04898,0.05118,0.03172,0.11350,0.11349
0.74374,0.09110,0.07566,0.02174,0.78981,0.10629,0.04879,0.05098,0.03160,0.11306,0.11305
0.74474,0.09074,0.07537,0.02165,0.78844,0.10588,0.04860,0.05078,0.03148,0.11262,0.11261
0.74575,0.09038,0.07507,0.02157,0.78630,0.10546,0.04841,0.05058,0.03135,0.11218,0.11217
0.74675,0.09003,0.07478,0.02148,0.78363,0.10505,0.04822,0.05038,0.03123,0.11174,0.11172
0.74775,0.08967,0.07448,0.02140,0.78147,0.10463,0.04803,0.05018,0.03111,0.11130,0.11128
0.74875,0.08932,0.07419,0.02131,0.77944,0.10422,0.04784,0.04999,0.03098,0.11085,0.11084
0.74975,0.08896,0.07389,0.02123,0.77727,0.10380,0.04765,0.04979,0.03086,0.11041,0.11040
0.75075,0.08860,0.07359,0.02114,0.77571,0.10339,0.04746,0.04959,0.03074,0.10997,0.10996
0.75175,0.08825,0.07330,0.02106,0.77454,0.10297,0.04727,0.04939,0.03061,0.10953,0.10952
0.75275,0.08789,0.07300,0.02097,0.77210,0.10256,0.04707,0.04919,0.03049,0.10909,0.10907
0.75375,0.08754,0.07271,0.02089,0.76860,0.10214,0.04688,0.04899,0.03036,0.10865,0.10863
0.75475,0.08718,0.07241,0.02080,0.76576,0.10173,0.04669,0.04879,0.03024,0.10820,0.10819
0.75576,0.08683,0.07212,0.02072,0.76380,0.10131,0.04650,0.04859,0.03012,0.10776,0.10775
0.75676,0.08647,0.07182,0.02063,0.76274,0.10090,0.04631,0.04839,0.02999,0.10732,0.10731
0.75776,0.08611,0.07153,0.02055,0.76139,0.10048,0.04612,0.04819,0.02987,0.10688,0.10687
0.75876,0.08576,0.07123,0.02046,0.75876,0.10007,0.04593,0.04799,0.02975,0.10644,0.10642
0.75976,0.08540,0.07093,0.02038,0.75664,0.09965,0.04574,0.04779,0.02962,0.10600,0.10598
0.76076,0.08505,0.07064,0.02029,0.75474,0.09923,0.04555,0.04760,0.02950,0.10555,0.10554
0.76176,0.08469,0.07034,0.02021,0.75233,0.09882,0.04536,0.04740,0.02938,0.10511,0.10510
0.76276,0.08433,0.07005,0.02012,0.74995,0.09840,0.04517,0.04720,0.02925,0.10467,0.10466
0.76376,0.08398,0.06975,0.02004,0.74649,0.09799,0.04498,0.04700,0.02913,0.10423,0.10422
0.76476,0.08362,0.06946,0.01996,0.74402,0.09757,0.04479,0.04680,0.02901,0.10379,0.10377
0.76577,0.08327,0.06916,0.01987,0.74021,0.09716,0.04460,0.04660,0.02888,0.10335,0.10333
0.76677,0.08291,0.06887,0.01979,0.73929,0.09674,0.04441,0.04640,0.02876,0.10291,0.10289
0.76777,0.08256,0.06857,0.01970,0.73681,0.09633,0.04422,0.04620,0.02864,0.10246,0.10245
0.76877,0.08220,0.06827,0.01962,0.73436,0.09591,0.04403,0.04600,0.02851,0.10202,0.10201
0.76977,0.08184,0.06798,0.01953,0.73180,0.09550,0.04383,0.04580,0.02839,0.10158,0.10157
0.77077,0.08149,0.06768,0.01945,0.72773,0.09508,0.04364,0.04560,0.02827,0.10114,0.10113
0.77177,0.08113,0.06739,0.01936,0.72589,0.09467,0.04345,0.04541,0.02814,0.10070,0.10068
0.77277,0.08078,0.06709,0.01928,0.72171,0.09425,0.04326,0.04521,0.02802,0.10026,0.10024
0.77377,0.08042,0.06680,0.01919,0.71944,0.09384,0.04307,0.04501,0.02790,0.09981,0.09980
0.77477,0.08006,0.06650,0.01911,0.71721,0.09342,0.04288,0.04481,0.02777,0.09937,0.09936
0.77578,0.07971,0.06621,0.01902,0.71487,0.09301,0.04269,0.04461,0.02765,0.09893,0.09892
0.77678,0.07935,0.06591,0.01894,0.71149,0.09259,0.04250,0.04441,0.02753,0.09849,0.09848
0.77778,0.07900,0.06561,0.01885,0.71060,0.09218,0.04231,0.04421,0.02740,0.09805,0.09803
0.77878,0.07864,0.06532,0.01877,0.70820,0.09176,0.04212,0.04401,0.02728,0.09761,0.09759
0.77978,0.07829,0.06502,0.01868,0.70292,0.09135,0.04193,0.04381,0.02716,0.09716,0.09715
0.78078,0.07793,0.06473,0.01860,0.69925,0.09093,0.04174,0.04361,0.02703,0.09672,0.09671
0.78178,0.07757,0.06443,0.01851,0.69624,0.09052,0.04155,0.04341,0.02691,0.09628,0.09627
0.78278,0.07722,0.06414,0.01843,0.69416,0.09010,0.04136,0.04321,0.02679,0.09584,0.09583
0.78378,0.07686,0.06384,0.01834,0.69004,0.08968,0.04117,0.04302,0.02666,0.09540,0.09538
0.78478,0.07651,0.06355,0.01826,0.68663,0.08927,0.04098,0.04282,0.02654,0.09496,0.09494
0.78579,0.07615,0.06325,0.01817,0.68290,0.08885,0.04079,0.04262,0.02641,0.09451,0.09450
0.78679,0.07579,0.06295,0.01809,0.67665,0.08844,0.04059,0.04242,0.02629,0.09407,0.09406
0.78779,0.07544,0.06266,0.01800,0.67405,0.08802,0.04040,0.04222,0.02617,0.09363,0.09362
0.78879,0.07508,0.06236,0.01792,0.67181,0.08761,0.04021,0.04202,0.02604,0.09319,0.09318
0.78979,0.07473,0.06207,0.01783,0.66687,0.08719,0.04002,0.04182,0.02592,0.09275,0.09273
0.79079,0.07437,0.06177,0.01775,0.66242,0.08678,0.03983,0.04162,0.02580,0.09231,0.09229
0.79179,0.07402,0.06148,0.01766,0.65960,0.08636,0.03964,0.04142,0.02567,0.09186,0.09185
0.79279,0.07366,0.06118,0.01758,0.65677,0.08595,0.03945,0.04122,0.02555,0.09142,0.09141
0.79379,0.07330,0.06089,0.01749,0.65241,0.08553,0.03926,0.04102,0.02543,0.09098,0.09097
0.79479,0.07295,0.06059,0.01741,0.64883,0.08512,0.03907,0.04082,0.02530,0.09054,0.09053
0.79580,0.07259,0.06029,0.01732,0.64353,0.08470,0.03888,0.04063,0.02518,0.09010,0.09009
0.79680,0.07224,0.06000,0.01724,0.63949,0.08429,0.03869,0.04043,0.02506,0.08966,0.08964
0.79780,0.07188,0.05970,0.01715,0.63424,0.08387,0.03850,0.04023,0.02493,0.08921,0.08920
0.79880,0.07152,0.05941,0.01707,0.62962,0.08346,0.03831,0.04003,0.02481,0.08877,0.08876
0.79980,0.07117,0.05911,0.01698,0.62420,0.08304,0.03812,0.03983,0.02469,0.08833,0.08832
0.80080,0.07081,0.05882,0.01690,0.61970,0.08263,0.03793,0.03963,0.02456,0.08789,0.08788
0.80180,0.07046,0.05852,0.01681,0.61583,0.08221,0.03774,0.03943,0.02444,0.08745,0.08744
0.80280,0.07010,0.05823,0.01673,0.60907,0.08180,0.03755,0.03923,0.02432,0.08701,0.08699
0.80380,0.06975,0.05793,0.01664,0.60361,0.08138,0.03735,0.03903,0.02419,0.08656,0.08655
0.80480,0.06939,0.05763,0.01656,0.59879,0.08097,0.03716,0.03883,0.02407,0.08612,0.08611
0.80581,0.06903,0.05734,0.01647,0.59375,0.08055,0.03697,0.03863,0.02395,0.08568,0.08567
0.80681,0.06868,0.05704,0.01639,0.58998,0.08014,0.03678,0.03844,0.02382,0.08524,0.08523
0.80781,0.06832,0.05675,0.01630,0.58578,0.07972,0.03659,0.03824,0.02370,0.08480,0.08479
0.80881,0.06797,0.05645,0.01622,0.58168,0.07930,0.03640,0.03804,0.02358,0.08436,0.08434
0.80981,0.06761,0.05616,0.01613,0.57535,0.07889,0.03621,0.03784,0.02345,0.08391,0.08390
0.81081,0.06725,0.05586,0.01605,0.57077,0.07847,0.03602,0.03764,0.02333,0.08347,0.08346
0.81181,0.06690,0.05557,0.01596,0.56651,0.07806,0.03583,0.03744,0.02321,0.08303,0.08302
0.81281,0.06654,0.05527,0.01588,0.56116,0.07764,0.03564,0.03724,0.02308,0.08259,0.08258
0.81381,0.06619,0.05497,0.01579,0.55375,0.07723,0.03545,0.03704,0.02296,0.08215,0.08214
0.81481,0.06583,0.05468,0.01571,0.54707,0.07681,0.03526,0.03684,0.02284,0.08171,0.08170
0.81582,0.06547,0.05438,0.01562,0.54089,0.07640,0.03507,0.03664,0.02271,0.08126,0.08125
0.81682,0.06512,0.05409,0.01554,0.53645,0.07598,0.03488,0.03644,0.02259,0.08082,0.08081
0.81782,0.06476,0.05379,0.01545,0.53213,0.07557,0.03469,0.03624,0.02247,0.08038,0.08037
0.81882,0.06441,0.05350,0.01537,0.52768,0.07515,0.03450,0.03605,0.02234,0.07994,0.07993
0.81982,0.06405,0.05320,0.01528,0.52033,0.07474,0.03431,0.03585,0.02222,0.07950,0.07949
0.82082,0.06370,0.05290,0.01520,0.51618,0.07432,0.03412,0.03565,0.02209,0.07906,0.07905
0.82182,0.06334,0.05261,0.01511,0.50753,0.07391,0.03392,0.03545,0.02197,0.07861,0.07860
0.82282,0.06298,0.05231,0.01503,0.50167,0.07349,0.03373,0.03525,0.02185,0.07817,0.07816
0.82382,0.06263,0.05202,0.01495,0.49683,0.07308,0.03354,0.03505,0.02172,0.07773,0.07772
0.82482,0.06227,0.05172,0.01486,0.49049,0.07266,0.03335,0.03485,0.02160,0.07729,0.07728
0.82583,0.06192,0.05143,0.01478,0.48191,0.07225,0.03316,0.03465,0.02148,0.07685,0.07684
0.82683,0.06156,0.05113,0.01469,0.47599,0.07183,0.03297,0.03445,0.02135,0.07641,0.07640
0.82783,0.06120,0.05084,0.01461,0.46949,0.07142,0.03278,0.03425,0.02123,0.07596,0.07595
0.82883,0.06085,0.05054,0.01452,0.46269,0.07100,0.03259,0.03405,0.02111,0.07552,0.07551
0.82983,0.06049,0.05024,0.01444,0.45301,0.07059,0.03240,0.03385,0.02098,0.07508,0.07507
0.83083,0.06014,0.04995,0.01435,0.44877,0.07017,0.03221,0.03366,0.02086,0.07464,0.07463
0.83183,0.05978,0.04965,0.01427,0.44003,0.06975,0.03202,0.03346,0.02074,0.07420,0.07419
0.83283,0.05943,0.04936,0.01418,0.43287,0.06934,0.03183,0.03326,0.02061,0.07376,0.07375
0.83383,0.05907,0.04906,0.01410,0.42671,0.06892,0.03164,0.03306,0.02049,0.07331,0.07330
0.83483,0.05871,0.04877,0.01401,0.42000,0.06851,0.03145,0.03286,0.02037,0.07287,0.07286
0.83584,0.05836,0.04847,0.01393,0.41170,0.06809,0.03126,0.03266,0.02024,0.07243,0.07242
0.83684,0.05800,0.04818,0.01384,0.40064,0.06768,0.03107,0.03246,0.02012,0.07199,0.07198
0.83784,0.05765,0.04788,0.01376,0.39152,0.06726,0.03088,0.03226,0.02000,0.07155,0.07154
0.83884,0.05729,0.04758,0.01367,0.37967,0.06685,0.03068,0.03206,0.01987,0.07111,0.07110
0.83984,0.05693,0.04729,0.01359,0.36397,0.06643,0.03049,0.03186,0.01975,0.07066,0.07066
0.84084,0.05658,0.04699,0.01350,0.34846,0.06602,0.03030,0.03166,0.01963,0.07022,0.07021
0.84184,0.05622,0.04670,0.01342,0.32374,0.06560,0.03011,0.03146,0.01950,0.06978,0.06977
0.84284,0.05587,0.04640,0.01333,0.31095,0.06519,0.02992,0.03127,0.01938,0.06934,0.06933
0.84384,0.05551,0.04611,0.01325,0.29965,0.06477,0.02973,0.03107,0.01926,0.06890,0.06889
0.84484,0.05516,0.04581,0.01316,0.29773,0.06436,0.02954,0.03087,0.01913,0.06846,0.06845
0.84585,0.05480,0.04552,0.01308,0.29581,0.06394,0.02935,0.03067,0.01901,0.06801,0.06801
0.84685,0.05444,0.04522,0.01299,0.29389,0.06353,0.02916,0.03047,0.01889,0.06757,0.06756
0.84785,0.05409,0.04492,0.01291,0.29197,0.06311,0.02897,0.03027,0.01876,0.06713,0.06712
0.84885,0.05373,0.04463,0.01282,0.29005,0.06270,0.02878,0.03007,0.01864,0.06669,0.06668
0.84985,0.05338,0.04433,0.01274,0.28813,0.06228,0.02859,0.02987,0.01852,0.06625,0.06624
0.85085,0.05302,0.04404,0.01265,0.28621,0.06187,0.02840,0.02967,0.01839,0.06581,0.06580
0.85185,0.05266,0.04374,0.01257,0.28429,0.06145,0.02821,0.02947,0.01827,0.06536,0.06536
0.85285,0.05231,0.04345,0.01248,0.28236,0.06104,0.02802,0.02927,0.01814,0.06492,0.06491
0.85385,0.05195,0.04315,0.01240,0.28044,0.06062,0.02783,0.02908,0.01802,0.06448,0.06447
0.85485,0.05160,0.04286,0.01231,0.27852,0.06021,0.02764,0.02888,0.01790,0.06404,0.06403
0.85586,0.05124,0.04256,0.01223,0.27660,0.05979,0.02744,0.02868,0.01777,0.06360,0.06359
0.85686,0.05089,0.04226,0.01214,0.27468,0.05937,0.02725,0.02848,0.01765,0.06316,0.06315
0.85786,0.05053,0.04197,0.01206,0.27276,0.05896,0.02706,0.02828,0.01753,0.06271,0.06271
0.85886,0.05017,0.04167,0.01197,0.27084,0.05854,0.02687,0.02808,0.01740,0.06227,0.06226
0.85986,0.04982,0.04138,0.01189,0.26892,0.05813,0.02668,0.02788,0.01728,0.06183,0.06182
0.86086,0.04946,0.04108,0.01180,0.26700,0.05771,0.02649,0.02768,0.01716,0.06139,0.06138
0.86186,0.04911,0.04079,0.01172,0.26508,0.05730,0.02630,0.02748,0.01703,0.06095,0.06094
0.86286,0.04875,0.04049,0.01163,0.26316,0.05688,0.02611,0.02728,0.01691,0.06051,0.06050
0.86386,0.04839,0.04020,0.01155,0.26124,0.05647,0.02592,0.02708,0.01679,0.06006,0.06006
0.86486,0.04804,0.03990,0.01146,0.25931,0.05605,0.02573,0.02688,0.01666,0.05962,0.05962
0.86587,0.04768,0.03960,0.01138,0.25739,0.05564,0.02554,0.02669,0.01654,0.05918,0.05917
0.86687,0.04733,0.03931,0.01129,0.25547,0.05522,0.02535,0.02649,0.01642,0.05874,0.05873
0.86787,0.04697,0.03901,0.01121,0.25355,0.05481,0.02516,0.02629,0.01629,0.05830,0.05829
0.86887,0.04662,0.03872,0.01112,0.25163,0.05439,0.02497,0.02609,0.01617,0.05786,0.05785
0.86987,0.04626,0.03842,0.01104,0.24971,0.05398,0.02478,0.02589,0.01605,0.05741,0.05741
0.87087,0.04590,0.03813,0.01095,0.24779,0.05356,0.02459,0.02569,0.01592,0.05697,0.05697
0.87187,0.04555,0.03783,0.01087,0.24587,0.05315,0.02440,0.02549,0.01580,0.05653,0.05652
0.87287,0.04519,0.03754,0.01078,0.24395,0.05273,0.02420,0.02529,0.01568,0.05609,0.05608
0.87387,0.04484,0.03724,0.01070,0.24203,0.05232,0.02401,0.02509,0.01555,0.05565,0.05564
0.87487,0.04448,0.03694,0.01061,0.24011,0.05190,0.02382,0.02489,0.01543,0.05521,0.05520
0.87588,0.04412,0.03665,0.01053,0.23819,0.05149,0.02363,0.02469,0.01531,0.05476,0.05476
0.87688,0.04377,0.03635,0.01044,0.23626,0.05107,0.02344,0.02449,0.01518,0.05432,0.05432
0.87788,0.04341,0.03606,0.01036,0.23434,0.05066,0.02325,0.02430,0.01506,0.05388,0.05387
0.87888,0.04306,0.03576,0.01027,0.23242,0.05024,0.02306,0.02410,0.01494,0.05344,0.05343
0.87988,0.04270,0.03547,0.01019,0.23050,0.04982,0.02287,0.02390,0.01481,0.05300,0.05299
0.88088,0.04235,0.03517,0.01010,0.22858,0.04941,0.02268,0.02370,0.01469,0.05256,0.05255
0.88188,0.04199,0.03488,0.01002,0.22666,0.04899,0.02249,0.02350,0.01457,0.05212,0.05211
0.88288,0.04163,0.03458,0.00994,0.22474,0.04858,0.02230,0.02330,0.01444,0.05167,0.05167
0.88388,0.04128,0.03428,0.00985,0.22282,0.04816,0.02211,0.02310,0.01432,0.05123,0.05123
0.88488,0.04092,0.03399,0.00977,0.22090,0.04775,0.02192,0.02290,0.01419,0.05079,0.05078
0.88589,0.04057,0.03369,0.00968,0.21898,0.04733,0.02173,0.02270,0.01407,0.05035,0.05034
0.88689,0.04021,0.03340,0.00960,0.21706,0.04692,0.02154,0.02250,0.01395,0.04991,0.04990
0.88789,0.03985,0.03310,0.00951,0.21514,0.04650,0.02135,0.02230,0.01382,0.04947,0.04946
0.88889,0.03950,0.03281,0.00943,0.21321,0.04609,0.02116,0.02211,0.01370,0.04902,0.04902
0.88989,0.03914,0.03251,0.00934,0.21129,0.04567,0.02096,0.02191,0.01358,0.04858,0.04858
0.89089,0.03879,0.03222,0.00926,0.20937,0.04526,0.02077,0.02171,0.01345,0.04814,0.04813
0.89189,0.03843,0.03192,0.00917,0.20745,0.04484,0.02058,0.02151,0.01333,0.04770,0.04769
0.89289,0.03808,0.03162,0.00909,0.20553,0.04443,0.02039,0.02131,0.01321,0.04726,0.04725
0.89389,0.03772,0.03133,0.00900,0.20361,0.04401,0.02020,0.02111,0.01308,0.04682,0.04681
0.89489,0.03736,0.03103,0.00892,0.20169,0.04360,0.02001,0.02091,0.01296,0.04637,0.04637
0.89590,0.03701,0.03074,0.00883,0.19977,0.04318,0.01982,0.02071,0.01284,0.04593,0.04593
0.89690,0.03665,0.03044,0.00875,0.19785,0.04277,0.01963,0.02051,0.01271,0.04549,0.04548
0.89790,0.03630,0.03015,0.00866,0.19593,0.04235,0.01944,0.02031,0.01259,0.04505,0.04504
0.89890,0.03594,0.02985,0.00858,0.19401,0.04194,0.01925,0.02011,0.01247,0.04461,0.04460
0.89990,0.03558,0.02956,0.00849,0.19208,0.04152,0.01906,0.01991,0.01234,0.04417,0.04416
0.90090,0.03523,0.02926,0.00841,0.19016,0.04111,0.01887,0.01972,0.01222,0.04372,0.04372
0.90190,0.03487,0.02896,0.00832,0.18824,0.04069,0.01868,0.01952,0.01210,0.04328,0.04328
0.90290,0.03452,0.02867,0.00824,0.18632,0.04028,0.01849,0.01932,0.01197,0.04284,0.04283
0.90390,0.03416,0.02837,0.00815,0.18440,0.03986,0.01830,0.01912,0.01185,0.04240,0.04239
0.90490,0.03380,0.02808,0.00807,0.18248,0.03944,0.01811,0.01892,0.01173,0.04196,0.04195
0.90591,0.03345,0.02778,0.00798,0.18056,0.03903,0.01792,0.01872,0.01160,0.04152,0.04151
0.90691,0.03309,0.02749,0.00790,0.17864,0.03861,0.01772,0.01852,0.01148,0.04107,0.04107
0.90791,0.03274,0.02719,0.00781,0.17672,0.03820,0.01753,0.01832,0.01136,0.04063,0.04063
0.90891,0.03238,0.02690,0.00773,0.17480,0.03778,0.01734,0.01812,0.01123,0.04019,0.04019
0.90991,0.03203,0.02660,0.00764,0.17288,0.03737,0.01715,0.01792,0.01111,0.03975,0.03974
0.91091,0.03167,0.02630,0.00756,0.17096,0.03695,0.01696,0.01772,0.01099,0.03931,0.03930
0.91191,0.03131,0.02601,0.00747,0.16903,0.03654,0.01677,0.01752,0.01086,0.03887,0.03886
0.91291,0.03096,0.02571,0.00739,0.16711,0.03612,0.01658,0.01733,0.01074,0.03842,0.03842
0.91391,0.03060,0.02542,0.00730,0.16519,0.03571,0.01639,0.01713,0.01062,0.03798,0.03798
0.91491,0.03025,0.02512,0.00722,0.16327,0.03529,0.01620,0.01693,0.01049,0.03754,0.03754
0.91592,0.02989,0.02483,0.00713,0.16135,0.03488,0.01601,0.01673,0.01037,0.03710,0.03709
0.91692,0.02953,0.02453,0.00705,0.15943,0.03446,0.01582,0.01653,0.01025,0.03666,0.03665
0.91792,0.02918,0.02424,0.00696,0.15751,0.03405,0.01563,0.01633,0.01012,0.03622,0.03621
0.91892,0.02882,0.02394,0.00688,0.15559,0.03363,0.01544,0.01613,0.01000,0.03577,0.03577
0.91992,0.02847,0.02364,0.00679,0.15367,0.03322,0.01525,0.01593,0.00987,0.03533,0.03533
0.92092,0.02811,0.02335,0.00671,0.15175,0.03280,0.01506,0.01573,0.00975,0.03489,0.03489
0.92192,0.02776,0.02305,0.00662,0.14983,0.03239,0.01487,0.01553,0.00963,0.03445,0.03444
0.92292,0.02740,0.02276,0.00654,0.14791,0.03197,0.01468,0.01533,0.00950,0.03401,0.03400
0.92392,0.02704,0.02246,0.00645,0.14598,0.03156,0.01448,0.01514,0.00938,0.03357,0.03356
0.92492,0.02669,0.02217,0.00637,0.14406,0.03114,0.01429,0.01494,0.00926,0.03312,0.03312
0.92593,0.02633,0.02187,0.00628,0.14214,0.03073,0.01410,0.01474,0.00913,0.03268,0.03268
0.92693,0.02598,0.02158,0.00620,0.14022,0.03031,0.01391,0.01454,0.00901,0.03224,0.03224
0.92793,0.02562,0.02128,0.00611,0.13830,0.02989,0.01372,0.01434,0.00889,0.03180,0.03179
0.92893,0.02526,0.02098,0.00603,0.13638,0.02948,0.01353,0.01414,0.00876,0.03136,0.03135
0.92993,0.02491,0.02069,0.00594,0.13446,0.02906,0.01334,0.01394,0.00864,0.03092,0.03091
0.93093,0.02455,0.02039,0.00586,0.13254,0.02865,0.01315,0.01374,0.00852,0.03047,0.03047
0.93193,0.02420,0.02010,0.00577,0.13062,0.02823,0.01296,0.01354,0.00839,0.03003,0.03003
0.93293,0.02384,0.01980,0.00569,0.12870,0.02782,0.01277,0.01334,0.00827,0.02959,0.02959
0.93393,0.02349,0.01951,0.00560,0.12678,0.02740,0.01258,0.01314,0.00815,0.02915,0.02915
0.93493,0.02313,0.01921,0.00552,0.12486,0.02699,0.01239,0.01294,0.00802,0.02871,0.02870
0.93594,0.02277,0.01892,0.00543,0.12293,0.02657,0.01220,0.01275,0.00790,0.02827,0.02826
0.93694,0.02242,0.01862,0.00535,0.12101,0.02616,0.01201,0.01255,0.00778,0.02782,0.02782
0.93794,0.02206,0.01832,0.00526,0.11909,0.02574,0.01182,0.01235,0.00765,0.02738,0.02738
0.93894,0.02171,0.01803,0.00518,0.11717,0.02533,0.01163,0.01215,0.00753,0.02694,0.02694
0.93994,0.02135,0.01773,0.00509,0.11525,0.02491,0.01144,0.01195,0.00741,0.02650,0.02650
0.94094,0.02099,0.01744,0.00501,0.11333,0.02450,0.01124,0.01175,0.00728,0.02606,0.02605
0.94194,0.02064,0.01714,0.00493,0.11141,0.02408,0.01105,0.01155,0.00716,0.02562,0.02561
0.94294,0.02028,0.01685,0.00484,0.10949,0.02367,0.01086,0.01135,0.00704,0.02517,0.02517
0.94394,0.01993,0.01655,0.00476,0.10757,0.02325,0.01067,0.01115,0.00691,0.02473,0.02473
0.94494,0.01957,0.01626,0.00467,0.10565,0.02284,0.01048,0.01095,0.00679,0.02429,0.02429
0.94595,0.01922,0.01596,0.00459,0.10373,0.02242,0.01029,0.01075,0.00667,0.02385,0.02385
0.94695,0.01886,0.01566,0.00450,0.10180,0.02201,0.01010,0.01055,0.00654,0.02341,0.02340
0.94795,0.01850,0.01537,0.00442,0.09988,0.02159,0.00991,0.01036,0.00642,0.02297,0.02296
0.94895,0.01815,0.01507,0.00433,0.09796,0.02118,0.00972,0.01016,0.00630,0.02252,0.02252
0.94995,0.01779,0.01478,0.00425,0.09604,0.02076,0.00953,0.00996,0.00617,0.02208,0.02208
0.95095,0.01744,0.01448,0.00416,0.09412,0.02035,0.00934,0.00976,0.00605,0.02164,0.02164
0.95195,0.01708,0.01419,0.00408,0.09220,0.01993,0.00915,0.00956,0.00592,0.02120,0.02120
0.95295,0.01672,0.01389,0.00399,0.09028,0.01951,0.00896,0.00936,0.00580,0.02076,0.02075
0.95395,0.01637,0.01360,0.00391,0.08836,0.01910,0.00877,0.00916,0.00568,0.02032,0.02031
0.95495,0.01601,0.01330,0.00382,0.08644,0.01868,0.00858,0.00896,0.00555,0.01987,0.01987
0.95596,0.01566,0.01300,0.00374,0.08452,0.01827,0.00839,0.00876,0.00543,0.01943,0.01943
0.95696,0.01530,0.01271,0.00365,0.08260,0.01785,0.00820,0.00856,0.00531,0.01899,0.01899
0.95796,0.01495,0.01241,0.00357,0.08068,0.01744,0.00800,0.00836,0.00518,0.01855,0.01855
0.95896,0.01459,0.01212,0.00348,0.07875,0.01702,0.00781,0.00816,0.00506,0.01811,0.01811
0.95996,0.01423,0.01182,0.00340,0.07683,0.01661,0.00762,0.00797,0.00494,0.01767,0.01766
0.96096,0.01388,0.01153,0.00331,0.07491,0.01619,0.00743,0.00777,0.00481,0.01722,0.01722
0.96196,0.01352,0.01123,0.00323,0.07299,0.01578,0.00724,0.00757,0.00469,0.01678,0.01678
0.96296,0.01317,0.01094,0.00314,0.07107,0.01536,0.00705,0.00737,0.00457,0.01634,0.01634
0.96396,0.01281,0.01064,0.00306,0.06915,0.01495,0.00686,0.00717,0.00444,0.01590,0.01590
0.96496,0.01245,0.01034,0.00297,0.06723,0.01453,0.00667,0.00697,0.00432,0.01546,0.01546
0.96597,0.01210,0.01005,0.00289,0.06531,0.01412,0.00648,0.00677,0.00420,0.01502,0.01501
0.96697,0.01174,0.00975,0.00280,0.06339,0.01370,0.00629,0.00657,0.00407,0.01457,0.01457
0.96797,0.01139,0.00946,0.00272,0.06147,0.01329,0.00610,0.00637,0.00395,0.01413,0.01413
0.96897,0.01103,0.00916,0.00263,0.05955,0.01287,0.00591,0.00617,0.00383,0.01369,0.01369
0.96997,0.01068,0.00887,0.00255,0.05763,0.01246,0.00572,0.00597,0.00370,0.01325,0.01325
0.97097,0.01032,0.00857,0.00246,0.05570,0.01204,0.00553,0.00578,0.00358,0.01281,0.01281
0.97197,0.00996,0.00828,0.00238,0.05378,0.01163,0.00534,0.00558,0.00346,0.01237,0.01236
0.97297,0.00961,0.00798,0.00229,0.05186,0.01121,0.00515,0.00538,0.00333,0.01192,0.01192
0.97397,0.00925,0.00768,0.00221,0.04994,0.01080,0.00496,0.00518,0.00321,0.01148,0.01148
0.97497,0.00890,0.00739,0.00212,0.04802,0.01038,0.00476,0.00498,0.00309,0.01104,0.01104
0.97598,0.00854,0.00709,0.00204,0.04610,0.00996,0.00457,0.00478,0.00296,0.01060,0.01060
0.97698,0.00818,0.00680,0.00195,0.04418,0.00955,0.00438,0.00458,0.00284,0.01016,0.01016
0.97798,0.00783,0.00650,0.00187,0.04226,0.00913,0.00419,0.00438,0.00272,0.00972,0.00972
0.97898,0.00747,0.00621,0.00178,0.04034,0.00872,0.00400,0.00418,0.00259,0.00927,0.00927
0.97998,0.00712,0.00591,0.00170,0.03842,0.00830,0.00381,0.00398,0.00247,0.00883,0.00883
0.98098,0.00676,0.00562,0.00161,0.03650,0.00789,0.00362,0.00378,0.00235,0.00839,0.00839
0.98198,0.00641,0.00532,0.00153,0.03458,0.00747,0.00343,0.00358,0.00222,0.00795,0.00795
0.98298,0.00605,0.00502,0.00144,0.03265,0.00706,0.00324,0.00339,0.00210,0.00751,0.00751
0.98398,0.00569,0.00473,0.00136,0.03073,0.00664,0.00305,0.00319,0.00197,0.00707,0.00707
0.98498,0.00534,0.00443,0.00127,0.02881,0.00623,0.00286,0.00299,0.00185,0.00662,0.00662
0.98599,0.00498,0.00414,0.00119,0.02689,0.00581,0.00267,0.00279,0.00173,0.00618,0.00618
0.98699,0.00463,0.00384,0.00110,0.02497,0.00540,0.00248,0.00259,0.00160,0.00574,0.00574
0.98799,0.00427,0.00355,0.00102,0.02305,0.00498,0.00229,0.00239,0.00148,0.00530,0.00530
0.98899,0.00391,0.00325,0.00093,0.02113,0.00457,0.00210,0.00219,0.00136,0.00486,0.00486
0.98999,0.00356,0.00296,0.00085,0.01921,0.00415,0.00191,0.00199,0.00123,0.00442,0.00442
0.99099,0.00320,0.00266,0.00076,0.01729,0.00374,0.00172,0.00179,0.00111,0.00397,0.00397
0.99199,0.00285,0.00236,0.00068,0.01537,0.00332,0.00152,0.00159,0.00099,0.00353,0.00353
0.99299,0.00249,0.00207,0.00059,0.01345,0.00291,0.00133,0.00139,0.00086,0.00309,0.00309
0.99399,0.00214,0.00177,0.00051,0.01153,0.00249,0.00114,0.00119,0.00074,0.00265,0.00265
0.99499,0.00178,0.00148,0.00042,0.00960,0.00208,0.00095,0.00100,0.00062,0.00221,0.00221
0.99600,0.00142,0.00118,0.00034,0.00768,0.00166,0.00076,0.00080,0.00049,0.00177,0.00177
0.99700,0.00107,0.00089,0.00025,0.00576,0.00125,0.00057,0.00060,0.00037,0.00132,0.00132
0.99800,0.00071,0.00059,0.00017,0.00384,0.00083,0.00038,0.00040,0.00025,0.00088,0.00088
0.99900,0.00036,0.00030,0.00008,0.00192,0.00042,0.00019,0.00020,0.00012,0.00044,0.00044
1.00000,0.00000,0.00000,0.00000,0.00000,0.00000,0.00000,0.00000,0.00000,0.00000,0.00000
